4-1105100-3|TE Connectivity Ltd|3954|1|$0.6136|100|$0.5824|1000|$0.5512|10000|$0.5304|40000|$0.4992|80000|$0.2548|120000|$0.1737|160000|$0.1706|
4-1241961-3|TE Connectivity Ltd|19728|1|$0.4992|100|$0.4742|1000|$0.4503|5000|$0.4274|15200|$0.4066|30400|$0.2142|45600|$0.1477|60800|$0.1446|
A207110R35|Eaton Bussmann|50|5|$7.1100|25|$5.8200|50|$4.7100|100|$4.5100|250|$4.3200|500|$4.2100|1000|$4.1000|
ERJ-2RKF33R2X|Panasonic Electronic Components|28758|10000|$0.0058|20000|$0.0054|40000|$0.0045|80000|$0.0042|
ERJ-2RKF51R1X|Panasonic Electronic Components|49950|10000|$0.0058|20000|$0.0054|40000|$0.0045|80000|$0.0042|
71991-302LF|Amphenol ICC|1044|1|$0.6600|50|$0.3300|100|$0.2900|250|$0.2400|500|$0.2000|1000|$0.1800|1044|$0.1800|
770602-6|TE Connectivity Ltd|30485|1|$0.1960|500|$0.1670|1500|$0.1500|2500|$0.1350|5000|$0.1280|10000|$0.1220|20000|$0.1120|25000|$0.1040|
1-770602-6|TE Connectivity Ltd|1372|1|$0.6800|25|$0.6300|100|$0.5800|1000|$0.4340|2000|$0.4070|2500|$0.3710|5000|$0.3340|10000|$0.3050|
2-770602-6|TE Connectivity Ltd|95|1|$0.9131|250|$0.8216|500|$0.7394|1000|$0.7030|2000|$0.6677|4000|$0.6146|5000|$0.5543|10000|$0.5054|
NR4018T100M|TAIYO YUDEN|5500|500|$0.1640|1000|$0.1560|1500|$0.1430|3500|$0.1160|7000|$0.1100|20000|$0.0810|
NR6045T6R3M|TAIYO YUDEN|21000|500|$0.1730|1000|$0.1580|1500|$0.1420|3000|$0.1350|5000|$0.1280|10000|$0.1220|20000|$0.1010|
HCM0703-2R2-R|Coiltronics|450|1|$1.1300|25|$1.0800|100|$1.0200|500|$0.9700|1000|$0.9200|1500|$0.8800|5000|$0.8300|15000|$0.6300|
1-1658621-1|TE Connectivity Ltd|138|1|$2.8200|50|$2.5400|150|$2.4200|300|$2.3000|600|$2.1800|1000|$1.9800|5000|$1.8100|10000|$1.7600|
FP1007R6-R33-R|Coiltronics|600|1|$0.9800|25|$0.9300|100|$0.8800|500|$0.8400|700|$0.8000|1000|$0.7600|5000|$0.7200|15000|$0.5400|
1-1106102-1|TE Connectivity Ltd|290|1|$0.7000|100|$0.6700|1000|$0.6300|10000|$0.6000|19200|$0.5700|38400|$0.2930|57600|$0.1990|76800|$0.1950|
176272-1|TE Connectivity Ltd|8030|1|$0.1123|500|$0.0948|1000|$0.0855|2000|$0.0773|3000|$0.0731|5000|$0.0700|10000|$0.0639|25000|$0.0618|
1-962842-1|TE Connectivity Ltd|3390|1|$0.7500|25|$0.6400|100|$0.5300|250|$0.5200|500|$0.4930|1000|$0.3800|
1-967412-2|TE Connectivity Ltd|440|1|$5.8000|25|$5.3200|100|$4.9100|500|$4.5600|1000|$4.2500|5000|$3.9900|
84981-5|TE Connectivity Ltd|8500|500|$0.2400|1000|$0.2290|1500|$0.1920|7500|$0.1600|10000|$0.1520|25000|$0.1480|50000|$0.1400|100000|$0.1360|
1-84981-5|TE Connectivity Ltd|1451|1|$1.0700|100|$1.0088|500|$0.9672|1000|$0.9152|3375|$0.8736|6750|$0.4597|10125|$0.3234|13500|$0.3172|
U99B104200T|Amphenol Commercial|50|1|$87.2300|25|$82.8700|100|$78.7300|300|$74.8000|500|$71.0500|1000|$70.8600|5000|$67.3000|10000|$63.9500|
770069-1|TE Connectivity Ltd|17475|1|$0.2540|400|$0.2280|750|$0.2050|1500|$0.1950|2500|$0.1850|5000|$0.1710|
770835-1|TE Connectivity Ltd|15000|2500|$0.0395|5000|$0.0374|7500|$0.0361|10000|$0.0280|50000|$0.0266|100000|$0.0246|
EKY-500ELL100ME11D|United Chemi-Con Inc|9417|1|$0.0540|25|$0.0510|100|$0.0490|500|$0.0460|1000|$0.0420|3000|$0.0375|6000|$0.0348|12000|$0.0316|
171830-1|TE Connectivity Ltd|93|1|$3.5500|25|$3.2800|100|$3.0400|500|$2.8400|1000|$2.6600|5000|$2.4500|10000|$2.1500|25000|$2.0600|
172026-1|TE Connectivity Ltd|1251|1|$1.3500|25|$1.2800|100|$1.2200|500|$1.1600|625|$1.1000|1250|$0.6800|1875|$0.5400|2500|$0.5300|
78172-0411-TR7500|Molex|6000|7500|$0.0580|15000|$0.0550|22500|$0.0540|30000|$0.0530|
78172-0411|Molex|199800|30000|$0.0474|60000|$0.0462|120000|$0.0449
ERJ-3RQJ1R0V|Panasonic Electronic Components|19680|5000|$0.0162|10000|$0.0148|20000|$0.0127|40000|$0.0119|
EXB-V8V561JV|Panasonic Electronic Components|6727|5000|$0.0115|10000|$0.0105|20000|$0.0090|40000|$0.0084|
PHE450PB5220JR06|KEMET Corporation|2442|1000|$0.4920|2000|$0.4560|4000|$0.4250|8000|$0.3970|
TR/3216FF3-R|Eaton Bussmann|1307|60|$0.4190|80|$0.3980|100|$0.3780|500|$0.3590|1000|$0.3410|3000|$0.3240|6000|$0.3090|9000|$0.2950|
2200LL-101-H-RC|Bourns Inc|201|10|$2.6400|25|$2.4400|108|$2.2600|216|$2.1100|648|$2.0300|
1909763-1|TE Connectivity Ltd|6062|1|$0.3850|100|$0.3150|500|$0.2740|1000|$0.2190|5000|$0.1890|10000|$0.1850|30000|$0.1780|60000|$0.1750|
35108|Simpson Electric|1|1|$186.2200|5|$173.8100|10|$162.9400
35108|TE Connectivity Ltd|20481|1|$0.1970|100|$0.1740|500|$0.1700|1000|$0.1670|2500|$0.1530|5000|$0.1490|10000|$0.1450|
2-35108-1|TE Connectivity Ltd|14764|1|$0.2070|200|$0.1860|400|$0.1680|750|$0.1590|1500|$0.1510|2500|$0.1390|5000|$0.1300|10000|$0.1230|
8-35108-1|TE Connectivity Ltd|504|1|$0.4090|100|$0.3680|200|$0.3310|300|$0.3140|500|$0.2990|1000|$0.2750|5000|$0.2560|10000|$0.2430|
31335108|METZ CONNECT USA|70|12|$2.1000|25|$2.0000|100|$1.9000|500|$1.8000|1000|$1.7100|5000|$1.6300|10000|$1.5400|15000|$1.4500|
M23053/5-108-9-100FT|Olympic Wire & Cable Corp|4|1|$44.9700|25|$42.7200|100|$40.5800|250|$38.5600|500|$36.6300|
M23510810|Simpson Electric|2|1|$136.2200|5|$127.1400|10|$119.1900
70.351.0828.0|Wieland Electric GmbH|15|240|$0.2090|3750|$0.2040|7500|$0.1970|15000|$0.1940|
2-320552-1|TE Connectivity Ltd|900|1|$0.2310|25|$0.2260|100|$0.2130|250|$0.2090|500|$0.2040|1000|$0.1560|2500|$0.1550|
2-31890-1|TE Connectivity Ltd|13710|1|$0.1580|25|$0.1450|100|$0.1350|250|$0.1320|500|$0.1300|1000|$0.1190|5000|$0.1020|10000|$0.0950|
EEU-FC1V331LB|Panasonic Electronic Components|2000|85|$0.2960|100|$0.2070|250|$0.1530|500|$0.1460|1000|$0.1380|2500|$0.1330|
EEU-FC1V331|Panasonic Electronic Components|1578|200|$0.3390|400|$0.2370|600|$0.1740|800|$0.1670|1000|$0.1580|2500|$0.1520|
EEU-FC1V331B|Panasonic Electronic Components|2390|74|$0.3390|100|$0.2370|250|$0.1740|500|$0.1670|1000|$0.1580|2500|$0.1520|
EEU-FC1V331L|Panasonic Electronic Components|1847|200|$0.2960|400|$0.2070|600|$0.1530|800|$0.1460|1000|$0.1380|2500|$0.1330|
ERJ-3EKF1204V|Panasonic Electronic Components|34841|5000|$0.0082|10000|$0.0075|20000|$0.0065|40000|$0.0061|
ERJ-3EKF1300V|Panasonic Electronic Components|82984|5000|$0.0082|10000|$0.0075|20000|$0.0065|40000|$0.0061|
ERJ-3EKF1602V|Panasonic Electronic Components|78825|5000|$0.0082|10000|$0.0075|20000|$0.0065|40000|$0.0061|
ERJ-3EKF22R6V|Panasonic Electronic Components|100000|5000|$0.0082|10000|$0.0075|20000|$0.0065|40000|$0.0061|
2-31886-2|TE Connectivity Ltd|47104|1|$0.2310|750|$0.1960|1500|$0.1760|2500|$0.1590|5000|$0.1510|10000|$0.1430|15000|$0.1320|25000|$0.1220|
2-320571-2|TE Connectivity Ltd|16186|1|$0.2700|400|$0.2430|750|$0.2190|1500|$0.2080|2500|$0.1980|5000|$0.1820|10000|$0.1730|25000|$0.1590|
2-35108-1|TE Connectivity Ltd|14764|1|$0.2070|200|$0.1860|400|$0.1680|750|$0.1590|1500|$0.1510|2500|$0.1390|5000|$0.1300|10000|$0.1230|
M23510810|Simpson Electric|2|1|$136.2200|5|$127.1400|10|$119.1900
2-35109-1|TE Connectivity Ltd|5818|500|$0.2160|1000|$0.2050|1500|$0.1980|2000|$0.1890|2500|$0.1670|7500|$0.1590|10000|$0.1510|25000|$0.1390|
47649-000LF|Amphenol ICC|4000|1|$0.1600|100|$0.0800|250|$0.0700|500|$0.0600|1000|$0.0500|5000|$0.0400|10000|$0.0400|
ECQ-E2474KF3|Panasonic Electronic Components|1000|67|$0.3863|100|$0.2709|250|$0.1988|500|$0.1906|1000|$0.1803|2500|$0.1730|
ECQ-E2474KF|Panasonic Electronic Components|7080|73|$0.3554|100|$0.2493|250|$0.1833|500|$0.1751|1000|$0.1658|2500|$0.1597|
HM2R65PA5100N9LF|Amphenol ICC|493|1|$3.6700|25|$3.4900|100|$3.3200|144|$3.1500|288|$2.3600|432|$2.2100|576|$2.1600|
EEH-ZA1J220XP|Panasonic Electronic Components|725|150|$1.0100|300|$0.9200|600|$0.8400|900|$0.6200|1800|$0.6000|
EEU-EB2E101S|Panasonic Electronic Components|34705|50|$1.4000|100|$1.2200|200|$0.9800|250|$0.7200|500|$0.6900|1000|$0.6500|2500|$0.6300|
EEU-EB2E101|Panasonic Electronic Components|712|100|$1.3500|200|$1.1800|300|$0.9500|400|$0.7000|500|$0.6700|1000|$0.6300|2500|$0.6100|
ERJ-3EKF3901V|Panasonic Electronic Components|100790|5000|$0.0082|10000|$0.0075|20000|$0.0065|40000|$0.0061|
ERA-3AEB152V|Panasonic Electronic Components|252|1000|$0.0633|2000|$0.0570|3000|$0.0518|4000|$0.0475|5000|$0.0352|10000|$0.0338|
EEC-F5R5H105|Panasonic Electronic Components|151|4|$6.7700|25|$6.4300|50|$6.1100|100|$5.8000|200|$5.5100|
EEE-1AA331P|Panasonic Electronic Components|1000|500|$0.1610|1000|$0.1480|2000|$0.1270|4000|$0.1180|
EEE-1EA3R3NR|Panasonic Electronic Components|18000|2000|$0.0640|4000|$0.0600|8000|$0.0560|16000|$0.0550|
EEE-1VA100SR|Panasonic Electronic Components|3580|1000|$0.0650|2000|$0.0590|4000|$0.0510|8000|$0.0473|
ECP-U1C104MA5|Panasonic Electronic Components|35400|77|$0.3260|100|$0.2280|250|$0.1680|500|$0.1610|1000|$0.1520|3000|$0.1460|
SR-5-2A-AP|Eaton Bussmann|4880|90|$0.2870|100|$0.2720|250|$0.2590|500|$0.2460|1000|$0.2330|5000|$0.2220|10000|$0.1770|
AMN31112|Panasonic Electronic Components|373|1|$24.0000|10|$19.2300|25|$17.7900|50|$17.3100|100|$14.9200|250|$14.7700|500|$13.8200|
ERA-3AEB362V|Panasonic Electronic Components|5000|1000|$0.0633|2000|$0.0570|3000|$0.0518|4000|$0.0475|5000|$0.0352|10000|$0.0338|
174936-1|TE Connectivity Ltd|281|1|$1.4000|25|$1.3800|100|$1.0900|250|$1.0700|500|$1.0100|1000|$0.9600|
1-794611-2|TE Connectivity Ltd|28460|1|$0.1100|500|$0.0940|3500|$0.0840|6500|$0.0760|12500|$0.0720|25000|$0.0690|50000|$0.0630|250000|$0.0560|
1827625-1|TE Connectivity Ltd|25000|500|$0.2153|1000|$0.2081|2000|$0.1988|2500|$0.1761|10000|$0.1669|25000|$0.1669|50000|$0.1504|
FP1007R3-R22-R|Coiltronics|3091|1|$0.9600|25|$0.9100|100|$0.8700|500|$0.8200|650|$0.7800|1000|$0.7400|5000|$0.7100|15000|$0.5300|
FP2-V100-R|Coiltronics|1094|1|$1.5400|25|$1.4600|100|$1.3900|238|$1.3200|475|$0.9900|713|$0.9200|950|$0.9000|
HCP0704-4R7-R|Coiltronics|1000|1|$1.4800|25|$1.4100|100|$1.3400|500|$1.2700|1000|$1.2100|5000|$1.1500|10000|$1.0900|15000|$0.8100|
PS04LTVA1|Eaton Bussmann|6720|70|$0.4000|100|$0.2000|250|$0.1780|500|$0.1450|1000|$0.1190|5000|$0.1110|10000|$0.1070|
193797-1|TE Connectivity Ltd|561|1|$2.7500|400|$2.4800|750|$2.2300|1500|$2.1200|2500|$2.0100|5000|$1.8500|
EEU-FM1V681B|Panasonic Electronic Components|1500|47|$0.5400|50|$0.4690|100|$0.3750|250|$0.2760|500|$0.2640|1000|$0.2500|2500|$0.2400|
281695-2|TE Connectivity Ltd|2433|1|$0.4472|150|$0.4025|250|$0.3619|500|$0.3442|1000|$0.3266|2000|$0.3006|
281839-3|TE Connectivity Ltd|5000|1|$0.5300|500|$0.4770|1000|$0.4290|1500|$0.4080|2500|$0.3870|5000|$0.3560|
281839-5|TE Connectivity Ltd|439|1|$0.4030|500|$0.3630|1000|$0.3260|1500|$0.3100|2500|$0.2950|5000|$0.2710|
281934-3|TE Connectivity Ltd|217050|1|$0.1220|10|$0.1120|25|$0.1100|100|$0.1080|500|$0.1060|1000|$0.1040|10000|$0.1020|50000|$0.0980|
282087-1|TE Connectivity Ltd|11372|1|$2.1800|25|$2.0600|50|$1.6800|100|$1.2500|300|$1.2200|650|$1.2000|1300|$1.1800|
1-215882-0|TE Connectivity Ltd|1031|1|$1.3600|105|$1.2300|840|$1.1000|1575|$1.0400|3150|$0.9888|6300|$0.9373|10000|$0.9167|
PHE844RD6100MR06L2|KEMET Corporation|644|100|$0.5000|150|$0.4580|200|$0.4230|250|$0.3930|500|$0.3530|
502426-1430|Molex|1800|3000|$0.5000|6000|$0.4870|12000|$0.4740|24000|$0.4620|
EKY-500ELL121MH15D|United Chemi-Con Inc|1536|1|$0.1360|25|$0.1300|100|$0.1230|500|$0.1050|1000|$0.1000|2000|$0.0930|4000|$0.0840|
EKY-500ELL221MJ16S|United Chemi-Con Inc|98|1|$0.2060|25|$0.1957|100|$0.1854|500|$0.1586|1000|$0.1504|2000|$0.1432|4000|$0.1329|8000|$0.1205|
EEF-UE0J221ER|Panasonic Electronic Components|1450|500|$2.0300|1000|$1.8500|1500|$1.6900|2000|$1.2400|4000|$1.1900|
EEF-UE0K101ER|Panasonic Electronic Components|5773|500|$1.8500|1000|$1.6800|1500|$1.5400|2000|$1.1300|4000|$1.0800|
ERJ-8BWFR100V|Panasonic Electronic Components|3053|1000|$0.3120|2000|$0.2960|3000|$0.2690|4000|$0.2470|5000|$0.2000|10000|$0.1900|
5-530843-3|TE Connectivity Ltd|594|1|$2.0200|25|$1.9200|100|$1.8300|149|$1.7300|297|$1.3100|446|$1.0400|594|$1.0200|
8-5530843-3|TE Connectivity Ltd|128|1|$1.8800|25|$1.7900|100|$1.7000|203|$1.6100|405|$1.2200|608|$1.1300|810|$1.1100|
5530843-3|TE Connectivity Ltd|707|1|$1.8100|100|$1.6300|180|$1.5500|360|$1.4700|540|$1.3500|25000|$1.1300|50000|$0.9476|100000|$0.8343|
2-5530843-3|TE Connectivity Ltd|43|1|$2.7400|45|$2.4600|90|$2.3500|180|$2.2200|270|$2.0500|25000|$1.7100|50000|$1.4300|100000|$1.2700|
5-5530843-3|TE Connectivity Ltd|610|1|$1.7500|100|$1.5800|198|$1.4900|396|$1.4200|594|$1.3100|25000|$1.0900|50000|$0.9167|100000|$0.8137|
174464-1|TE Connectivity Ltd|18000|1|$1.8000|10|$1.5700|25|$1.5400|100|$1.4100|400|$1.3800|800|$1.3100|1200|$1.2700|1600|$1.2200|
ERJ-12ZYJ510U|Panasonic Electronic Components|9400|5000|$0.0263|10000|$0.0245|20000|$0.0230|40000|$0.0224|
3-644613-4|TE Connectivity Ltd|1979|1|$1.7500|25|$1.6600|100|$1.5800|750|$1.5000|1500|$0.9200|2250|$0.7300|3000|$0.7200|
3-644754-4|TE Connectivity Ltd|1800|1|$0.8034|25|$0.7725|100|$0.7313|500|$0.6901|1000|$0.5150|1500|$0.4851|2000|$0.4759|
3-794037-1|TE Connectivity Ltd|82570|750|$0.1140|1500|$0.1090|2250|$0.1040|3000|$0.0930|6000|$0.0880|15000|$0.0840|25000|$0.0720|50000|$0.0650|
3-794619-4|TE Connectivity Ltd|488|1|$1.3200|100|$1.2500|500|$1.1900|1000|$1.1300|1037|$1.0700|2074|$0.6552|3110|$0.5200|4147|$0.5127|
3-794620-2|TE Connectivity Ltd|5328|1|$1.2100|533|$1.0800|1066|$0.9785|1599|$0.9270|3198|$0.8755|5863|$0.8137|10000|$0.6386|
PM54-100M-RC|Bourns Inc|4802|250|$0.4510|500|$0.4280|1000|$0.4070|1500|$0.3860|3000|$0.3670|
1-1544545-2|TE Connectivity Ltd|21500|1|$0.3150|100|$0.2990|1000|$0.2840|25000|$0.2700|75000|$0.2570|150000|$0.1310|225000|$0.0890|300000|$0.0870|
102241-2|TE Connectivity Ltd|13208|1|$0.4560|400|$0.3880|750|$0.3490|1500|$0.3140|2500|$0.2980|5000|$0.2830|10000|$0.2610|25000|$0.2410|
1-102241-2|TE Connectivity Ltd|739|1|$1.0400|100|$0.9400|150|$0.8900|250|$0.8500|500|$0.8100|1000|$0.6200|5000|$0.5200|6100|$0.5000|
104257-1|TE Connectivity Ltd|12832|1|$0.1926|50|$0.1823|100|$0.1741|250|$0.1658|500|$0.1576|1000|$0.1566|10000|$0.1504|20000|$0.1452|
2-104257-1|TE Connectivity Ltd|5366|1|$3.1200|25|$2.9700|100|$2.8100|375|$2.6800|750|$1.6500|1125|$1.3100|1500|$1.2800|
1-104257-1|TE Connectivity Ltd|4949|1|$1.0400|250|$0.9373|500|$0.8446|1000|$0.8034|2000|$0.7622|4000|$0.7004|5000|$0.4934|
HV823LG-G|Microchip Technology Inc|1341|50|$2.0000|100|$1.2400|250|$1.2100|500|$1.1900|1000|$1.1600|3300|$1.1400|
163083-2|TE Connectivity Ltd|1903|1|$3.5000|100|$3.3300|1000|$3.1600|10000|$3.0100|22500|$2.8500|45000|$1.4600|67500|$0.9880|90000|$0.9672|
164161-4|TE Connectivity Ltd|3360|1|$0.6200|750|$0.5300|1500|$0.4740|2500|$0.4260|5000|$0.4050|10000|$0.3850|15000|$0.3540|50000|$0.3470|
207359-1|TE Connectivity Ltd|5711|1|$1.1800|100|$1.0700|150|$0.9600|300|$0.9100|600|$0.8700|1200|$0.8200|5000|$0.7900|10000|$0.7100|
4-1734592-0|TE Connectivity Ltd|9600|1|$0.9064|500|$0.7725|1000|$0.7004|2000|$0.6283|4000|$0.5974|6000|$0.5665|12000|$0.5150|25000|$0.4934|
3-770565-2|TE Connectivity Ltd|56150|1750|$0.0452|3500|$0.0429|5250|$0.0408|7000|$0.0388|42000|$0.0368|50000|$0.0331|100000|$0.0295|
3-794013-1|TE Connectivity Ltd|85650|750|$0.0780|1500|$0.0740|2250|$0.0710|3000|$0.0550|15000|$0.0530|25000|$0.0450|50000|$0.0405|100000|$0.0360|
3-829868-8|TE Connectivity Ltd|3641|1|$0.5300|25|$0.4400|100|$0.4220|250|$0.3620|500|$0.2740|1000|$0.2710|2000|$0.2510|
60432-1|TE Connectivity Ltd|30128|1|$0.0780|100|$0.0740|500|$0.0700|1000|$0.0670|7500|$0.0630|15000|$0.0475|22500|$0.0444|30000|$0.0435|
60798-4|TE Connectivity Ltd|22875|1|$0.1710|750|$0.1460|1500|$0.1310|3000|$0.1180|6000|$0.1120|12000|$0.1060|24000|$0.0980|
60196-2|TE Connectivity Ltd|99550|5000|$0.0467|10000|$0.0442|15000|$0.0426|20000|$0.0331|40000|$0.0314|50000|$0.0294|100000|$0.0278|500000|$0.0257|
5100141-1|TE Connectivity Ltd|2473|1|$5.8300|10|$5.2400|40|$4.9900|80|$4.7400|150|$4.3600|250|$3.7300|500|$3.1100|2500|$2.9000|
280360|TE Connectivity Ltd|4032|1|$0.2050|500|$0.1750|1000|$0.1570|2000|$0.1410|3000|$0.1340|5000|$0.1280|10000|$0.1210|
22-28-0360|Molex|376|60|$0.9300|120|$0.8800|240|$0.8400
280377-2|TE Connectivity Ltd|4014|1|$0.6600|100|$0.5900|200|$0.5300|400|$0.5100|750|$0.4800|1500|$0.4420|2500|$0.4090|5000|$0.3550|
280530-2|TE Connectivity Ltd|27250|1|$0.2410|1500|$0.2050|2500|$0.1840|5000|$0.1660|10000|$0.1570|20000|$0.1500|40000|$0.1380|
280630|TE Connectivity Ltd|78|1|$0.6032|500|$0.5158|1000|$0.4649|2000|$0.4181|4000|$0.3973|8000|$0.3775|15000|$0.3588|
ERG-3SJ102|Panasonic Electronic Components|2354|81|$0.3120|100|$0.1560|250|$0.1390|500|$0.1130|1000|$0.0930|2500|$0.0870|5000|$0.0830|
ERG-3SJ102V|Panasonic Electronic Components|3000|76|$0.3320|100|$0.1660|250|$0.1470|500|$0.1210|1000|$0.0990|2500|$0.0920|5000|$0.0880|
1586040-6|TE Connectivity Ltd|1879|1|$0.4080|300|$0.3670|600|$0.3300|900|$0.3140|1500|$0.2980|3000|$0.2740|25000|$0.2380|100000|$0.1830|
1-1586040-6|TE Connectivity Ltd|134|1|$1.0500|25|$1.0069|100|$0.9534|338|$0.8998|675|$0.6749|1013|$0.6320|1350|$0.6213|
1586042-6|TE Connectivity Ltd|2800|1|$0.6800|25|$0.6400|100|$0.6100|700|$0.5800|1400|$0.4350|2100|$0.4060|2800|$0.3980|
1586044-6|TE Connectivity Ltd|268|1|$0.5616|160|$0.5086|320|$0.4576|480|$0.4347|800|$0.4129|1600|$0.3806|25000|$0.3297|100000|$0.2538|
1-1586044-6|TE Connectivity Ltd|64|1|$1.4400|25|$1.3600|100|$1.2900|225|$1.2300|450|$0.9152|675|$0.8632|900|$0.8424|
207015-1|TE Connectivity Ltd|1651|1|$0.9400|100|$0.8500|200|$0.8100|400|$0.7700|800|$0.7100|5000|$0.6800|10000|$0.6100|25000|$0.5600|
2-520183-4|TE Connectivity Ltd|6229|200|$0.2040|400|$0.1940|800|$0.1880|1000|$0.1790|2200|$0.1590|8800|$0.1510|10000|$0.1320|25000|$0.1250|
2-520337-2|TE Connectivity Ltd|16307|1|$0.2380|500|$0.2140|1000|$0.1930|2000|$0.1830|4000|$0.1740|8000|$0.1600|10000|$0.1400|25000|$0.1330|
6-146256-7|TE Connectivity Ltd|4000|1|$7.9200|25|$7.5200|100|$7.1500|500|$6.7900|1000|$3.6000|1500|$2.5300|2000|$2.4800|
6-1658012-1|TE Connectivity Ltd|2280|1|$14.4300|25|$13.7000|100|$13.0200|119|$12.3700|238|$7.6100|356|$6.0500|475|$5.9200|
6-520315-0|TE Connectivity Ltd|490|1|$0.8900|250|$0.8000|540|$0.7200|1080|$0.6800|1620|$0.6500|3240|$0.6000|5000|$0.4580|10000|$0.3570|
5100668-1|TE Connectivity Ltd|2948|1|$6.4000|5|$5.2500|10|$5.1500|30|$4.5700|50|$4.5200|100|$4.2800|250|$4.0500|500|$3.5900|
5103309-7|TE Connectivity Ltd|1050|1|$2.0500|50|$1.8400|100|$1.7500|200|$1.6700|350|$1.5300|500|$1.4600|1000|$1.3200|5000|$1.2200|
ERJ-3EKF5102V|Panasonic Electronic Components|53776|5000|$0.0082|10000|$0.0075|20000|$0.0065|40000|$0.0061|
MF-R300-2|Bourns Inc|10388|300|$0.2820|600|$0.2680|1500|$0.2540|2700|$0.2410|4500|$0.2290|9000|$0.2180|
MF-R300-2-99|Bourns Inc|6000|500|$0.4800|1000|$0.4560|3000|$0.4340|6000|$0.4120|12000|$0.3910|24000|$0.3720|
5747099-1|TE Connectivity Ltd|884|1|$7.8100|50|$7.0300|100|$6.6800|150|$6.3400|250|$5.8400|500|$4.4900|1000|$3.5900|2500|$3.1400|
1-103638-3|TE Connectivity Ltd|5629|1|$1.5200|15|$1.3700|150|$1.3100|285|$1.2400|570|$1.1400|5000|$0.8034|
2-1103638-3|TE Connectivity Ltd|7|1|$17.5800|5|$15.8200|10|$15.0300|20|$14.2700|40|$13.1400|50|$10.9100|100|$9.1200|250|$7.7400|
1-104479-0|TE Connectivity Ltd|61715|1|$0.0780|2000|$0.0670|4000|$0.0600|7500|$0.0540|15000|$0.0510|30000|$0.0486|60000|$0.0447|
MF-RX250|Bourns Inc|2573|74|$0.3400|100|$0.3230|250|$0.3100|500|$0.2920|1000|$0.2770|3000|$0.2630|6000|$0.2500|
MF-RX250/72-2|Bourns Inc|2000|750|$0.2830|1500|$0.2690|2250|$0.2600|3000|$0.2430|6000|$0.2310|
MF-RX250/72-AP|Bourns Inc|12000|74|$0.3400|100|$0.3230|250|$0.3100|500|$0.2920|1000|$0.2770|3000|$0.2630|6000|$0.2500|
MF-RX250-2|Bourns Inc|2000|1|$0.6500|25|$0.6200|100|$0.5900|1000|$0.5600|1500|$0.5300|3000|$0.3280|4500|$0.2600|6000|$0.2540|
MF-RX250/72-0|Bourns Inc|6239|30|$0.8500|50|$0.4250|100|$0.3780|250|$0.3090|500|$0.2540|1000|$0.2360|6000|$0.2270|
MF-SMDF050-2|Bourns Inc|46915|500|$0.2990|2000|$0.2840|3000|$0.2700|6000|$0.2560|12000|$0.2440|
MOV-10D431KTR|Bourns Inc|2374|500|$0.0910|1000|$0.0830|2000|$0.0710|4000|$0.0670|
5499160-4|TE Connectivity Ltd|720|1|$3.4500|48|$3.1000|144|$2.9500|240|$2.8000|432|$2.5800|500|$2.4600|1000|$2.2200|5000|$2.0500|
2-5499160-4|TE Connectivity Ltd|65|1|$3.0300|25|$2.8800|100|$2.7400|108|$2.6000|216|$1.9500|324|$1.8200|432|$1.7800|
5499922-8|TE Connectivity Ltd|4127|1|$4.0400|24|$3.6400|72|$3.4500|144|$3.2800|288|$3.0200|500|$2.8800|1000|$2.6200|5000|$2.4000|
2-735075-6|TE Connectivity Ltd|15000|1|$0.0721|500|$0.0608|1000|$0.0546|2000|$0.0495|4000|$0.0471|7500|$0.0447|15000|$0.0411|20000|$0.0284|
2-794954-0|TE Connectivity Ltd|2337|1|$0.2080|250|$0.1872|500|$0.1685|1000|$0.1602|1500|$0.1529|2500|$0.1404|25000|$0.1217|100000|$0.0936|
3386P-1-502LF|Bourns Inc|4712|30|$0.8300|50|$0.7200|100|$0.6700|200|$0.6300|500|$0.6000|
3386R-1-202LF|Bourns Inc|400|25|$1.0900|50|$1.0000|100|$0.7400|200|$0.6900|500|$0.6700|
3549H-1AA-103A|Bourns Inc|23|1|$25.1700|10|$22.8500|25|$21.2100|50|$19.8000|100|$19.0400|
ELC-10D102E|Panasonic Electronic Components|500|39|$0.6500|50|$0.5700|100|$0.4530|250|$0.3330|500|$0.3190|1000|$0.3020|2500|$0.2900|
ELL-6RH150M|Panasonic Electronic Components|2000|250|$0.5650|500|$0.5140|750|$0.4710|1000|$0.3480|2000|$0.3350|
ELL-ATV180M|Panasonic Electronic Components|1500|250|$0.9500|500|$0.8600|750|$0.7900|1000|$0.5900|2000|$0.5700|
ELL-VGG3R3N|Panasonic Electronic Components|2291|500|$0.2270|1000|$0.2070|1500|$0.1900|2000|$0.1400|4000|$0.1350|
3329W-1-104LF|Bourns Inc|90|10|$2.5000|25|$2.0600|100|$1.6300|200|$1.5200|500|$1.4600|
3361P-1-203GLF|Bourns Inc|5400|150|$0.5750|300|$0.5460|600|$0.5190|750|$0.4930|1500|$0.4680|
SRN5040-3R3M|Bourns Inc|2000|250|$0.2000|500|$0.1480|750|$0.1400|1000|$0.1330|2000|$0.1270|
RLB9012-221KL|Bourns Inc|1112|100|$0.2660|200|$0.2400|400|$0.2310
RLB9012-222KL|Bourns Inc|1838|50|$0.5000|100|$0.3430|200|$0.3200|400|$0.2310|
316088-1|TE Connectivity Ltd|1600|1|$0.1514|100|$0.1370|200|$0.1226|400|$0.1164|800|$0.1112|1600|$0.1020|10000|$0.0803|25000|$0.0587|
316454-1|TE Connectivity Ltd|920|1|$1.1200|100|$1.0700|500|$1.0094|1000|$0.9579|1250|$0.9167|2500|$0.5665|3750|$0.4450|5000|$0.4367|
SDR0403-1R0ML|Bourns Inc|6500|500|$0.1920|1000|$0.1820|2000|$0.1730|4000|$0.1650|
SDR0403-220ML|Bourns Inc|9695|500|$0.1920|1000|$0.1820|2000|$0.1730|4000|$0.1650|
141708-1|TE Connectivity Ltd|10895|1|$0.7000|25|$0.6700|100|$0.6400|500|$0.6000|800|$0.5700|1600|$0.4300|2400|$0.4010|3200|$0.3930|
MH1608-601Y|Bourns Inc|24000|4000|$0.0218|8000|$0.0200|16000|$0.0171|32000|$0.0160|
SMBJ18CA|Bourns Inc|9002|500|$0.1030|1000|$0.0930|3000|$0.0880|6000|$0.0840|12000|$0.0800|
CR0603-J/-4R7ELF|Bourns Inc|4790|5000|$0.0040|10000|$0.0036|20000|$0.0033|40000|$0.0031|
350764-4|TE Connectivity Ltd|1625|1|$0.9373|40|$0.8446|75|$0.8034|150|$0.7622|300|$0.7004|250000|$0.6592|
350783-1|TE Connectivity Ltd|2545|1|$0.4532|150|$0.4079|250|$0.3873|450|$0.3677|900|$0.3389|250000|$0.3183|
350980-2|TE Connectivity Ltd|36000|6000|$0.0244|12000|$0.0228|24000|$0.0213|48000|$0.0208|
350991-4|TE Connectivity Ltd|291|1|$1.1900|75|$1.0700|150|$1.0197|300|$0.9682|600|$0.8858|250000|$0.8343|
5747845-6|TE Connectivity Ltd|483|1|$4.4000|104|$3.9600|208|$3.7600|312|$3.5700|520|$3.2900|1000|$2.6200|2500|$2.3000|5000|$2.1100|
5747847-4|TE Connectivity Ltd|2440|1|$5.9100|52|$5.3200|156|$5.0600|260|$4.8000|520|$4.5600|1000|$3.6500|2500|$3.1900|5000|$2.9200|
5-102202-8|TE Connectivity Ltd|141|1|$2.2100|17|$1.9900|153|$1.7900|306|$1.7000|612|$1.6200|1224|$1.4900|2500|$1.2000|
5-102692-3|TE Connectivity Ltd|658|1|$4.3800|36|$3.9400|108|$3.7400|180|$3.5600|360|$3.2700|1000|$2.5600|
5-103326-7|TE Connectivity Ltd|200|1|$1.8400|25|$1.7500|100|$1.6600|300|$1.5800|600|$1.1800|900|$1.1100|1200|$1.0800|
5-104746-2|TE Connectivity Ltd|1184|1|$3.9700|25|$3.7700|100|$3.5900|270|$3.4100|540|$2.1000|810|$1.6600|1080|$1.6300|
87175-2|TE Connectivity Ltd|652|1|$1.0400|100|$0.9400|150|$0.8900|250|$0.8500|500|$0.8000|1000|$0.6200|10000|$0.4830|12000|$0.4680|
1-87175-2|TE Connectivity Ltd|11036|1|$1.3600|100|$1.2300|150|$1.1700|250|$1.1100|500|$1.0500|1000|$0.8100|9000|$0.7800|10000|$0.6100|
2-87175-2|TE Connectivity Ltd|964|1|$2.7100|100|$2.4400|150|$2.3100|250|$2.2000|500|$2.0900|1000|$1.6100|3500|$1.5600|10000|$1.2100|
66460-7|TE Connectivity Ltd|6391|1|$0.9800|1000|$0.8300|6000|$0.7500|12000|$0.6700|23000|$0.6400|45000|$0.6100|90000|$0.5800|
6-66460-7|TE Connectivity Ltd|945|1|$0.5700|500|$0.4820|1000|$0.4340|2000|$0.3900|3000|$0.3710|5000|$0.3520|10000|$0.3240|25000|$0.3110|
4300.0301|Schurter Electronic Components|85|1|$4.0200|25|$3.2900|50|$2.6600|100|$2.5500|250|$2.4400|500|$2.3800|1000|$2.3200|
1-640445-3|TE Connectivity Ltd|8|1|$0.6901|100|$0.6283|150|$0.5974|250|$0.5665|500|$0.5150|1000|$0.3657|10000|$0.3203|
1-640456-2|TE Connectivity Ltd|22801|1|$0.2791|100|$0.2544|500|$0.2410|1000|$0.2338|2500|$0.2184|5000|$0.2122|10000|$0.2081|25000|$0.2060|
RL622-470K-RC|Bourns Inc|2792|50|$0.5400|100|$0.4700|500|$0.3270|1000|$0.3140|
644752-3|TE Connectivity Ltd|16725|1|$0.1566|150|$0.1411|250|$0.1277|500|$0.1205|1000|$0.1143|2000|$0.1061|10000|$0.0927|
1-644752-3|TE Connectivity Ltd|31|1|$0.6213|100|$0.5570|150|$0.5003|250|$0.4757|500|$0.4509|1000|$0.4285|10000|$0.3749|
644752-6|TE Connectivity Ltd|20|1|$0.2884|200|$0.2596|400|$0.2328|750|$0.2215|1500|$0.2101|3000|$0.1936|10000|$0.1700|
6469025-1|TE Connectivity Ltd|114|1|$7.2800|20|$6.5500|100|$6.2300|200|$5.9100|400|$5.4400|500|$5.1600|1000|$4.5800|10000|$4.3100|
650461-4|TE Connectivity Ltd|63|1|$4.0400|28|$3.6400|56|$3.4500|84|$3.2800|140|$3.0200|500|$2.9300|1000|$2.7700|5000|$2.7000|
5650461-4|TE Connectivity Ltd|1800|1|$4.2500|28|$3.8300|56|$3.6400|84|$3.4600|140|$3.1800|500|$3.0800|1000|$2.9100|5000|$2.8400|
66023-2|TE Connectivity Ltd|959|1|$0.5600|500|$0.4750|1000|$0.4270|2000|$0.3840|3000|$0.3650|5000|$0.3470|10000|$0.3190|25000|$0.3030|
1-66098-9|TE Connectivity Ltd|32332|1|$0.6700|100|$0.6300|1000|$0.6000|5000|$0.5700|9000|$0.5400|18000|$0.2870|27000|$0.1970|36000|$0.1930|
66099-4|TE Connectivity Ltd|2148|1|$0.5790|25|$0.4440|100|$0.4350|500|$0.4260|1000|$0.4230|2500|$0.3980|
1-66099-4|TE Connectivity Ltd|3135|1|$0.7700|100|$0.6900|200|$0.6200|300|$0.5900|500|$0.5600|1000|$0.5200|5000|$0.4350|10000|$0.4020|
24LC128-I/SN|Microchip Technology Inc|1300|47|$0.5400|200|$0.4750|250|$0.3800|500|$0.2790|700|$0.2680|1000|$0.2530|2500|$0.2440|
SMAJ58CA|Bourns Inc|7000|1000|$0.0900|2000|$0.0860|5000|$0.0810|10000|$0.0770|
2-323762-1|TE Connectivity Ltd|522|1|$1.3500|100|$1.2900|500|$1.2300|1000|$1.1600|1250|$1.1000|2500|$0.6760|3750|$0.5408|5000|$0.5304|
2-32951-1|TE Connectivity Ltd|31048|1250|$0.1630|2500|$0.1560|3750|$0.1500|5000|$0.1260|15000|$0.1200|25000|$0.1090|50000|$0.1070|100000|$0.0960|
282088-1|TE Connectivity Ltd|5282|1|$4.9600|10|$2.8500|25|$2.7100|100|$2.5200|250|$2.4500|500|$2.3800|1000|$2.3500|
1-1102261-6|TE Connectivity Ltd|40|1|$20.2100|5|$18.1900|10|$17.2800|20|$16.4200|40|$15.1000|50|$12.0900|100|$10.0200|250|$8.7400|
1-1123722-5|TE Connectivity Ltd|17974|1|$0.0773|400|$0.0700|750|$0.0628|1600|$0.0597|3200|$0.0567|6400|$0.0525|25000|$0.0452|100000|$0.0347|
SRR1280-4R7Y|Bourns Inc|400|100|$0.5090|200|$0.4580|300|$0.4350|400|$0.4130|800|$0.3920|
MF-RX110-2|Bourns Inc|1500|500|$0.2490|1000|$0.2360|3000|$0.2240|6000|$0.2130|12000|$0.2020|24000|$0.1920|
MF-RX110/72-0|Bourns Inc|252|35|$0.7200|50|$0.3500|100|$0.3110|250|$0.2550|500|$0.2090|1000|$0.1940|6000|$0.1870|
MF-USMF075-2|Bourns Inc|2300|500|$0.3310|1000|$0.3150|3000|$0.2990|6000|$0.2840|12000|$0.2700|24000|$0.2560|
1-1469492-2|TE Connectivity Ltd|167|1|$21.0800|80|$18.9700|160|$18.0200|240|$17.1200|480|$15.7500|5000|$11.5600|
1-1571636-0|TE Connectivity Ltd|1200|1|$0.6641|25|$0.6320|100|$0.5999|500|$0.5677|1000|$0.4253|1500|$0.3963|2000|$0.3888|
1-1586019-2|TE Connectivity Ltd|880|1|$0.1590|250|$0.1430|500|$0.1290|1000|$0.1220|2000|$0.1160|4000|$0.1070|25000|$0.0930|100000|$0.0710|
EEF-CX0J151XR|Panasonic Electronic Components|3400|500|$1.0000|1000|$0.9100|3000|$0.8300|3500|$0.6100|7000|$0.5900|
RJR24FW501R|Bourns Inc|357|5|$5.0000|25|$3.9100|50|$3.1600|100|$3.0300|200|$2.9100|500|$2.8300|1000|$2.7600|
647663-2|TE Connectivity Ltd|12890|1|$0.0572|100|$0.0541|500|$0.0518|1000|$0.0492|6250|$0.0468|12500|$0.0350|18750|$0.0328|25000|$0.0321|
MRJR538101|Amphenol Commercial|90|1|$10.8000|25|$9.9600|40|$9.2400|80|$8.6100|100|$8.1700|
NR6045T100M|TAIYO YUDEN|3015|500|$0.1730|1000|$0.1580|1500|$0.1420|3000|$0.1350|5000|$0.1280|10000|$0.1220|20000|$0.1010|
SMBJ110A|Bourns Inc|1000|500|$0.1070|1000|$0.0960|3000|$0.0870|6000|$0.0680|12000|$0.0650|24000|$0.0620|
EZJ-Z1V171AA|Panasonic Electronic Components|4000|1000|$0.0870|2000|$0.0790|3000|$0.0720|4000|$0.0540|8000|$0.0520|
LKP1AF-24V|Panasonic Electronic Components|126|1|$2.0100|25|$1.8500|50|$1.6600|100|$1.4600|250|$1.4200|500|$1.3000|1000|$1.2100|
PA1A-24V|Panasonic Electronic Components|86|1|$6.3100|25|$5.9900|100|$5.7000|500|$5.4100|1000|$4.6000|
0031.1673|Schurter Electronic Components|1048|1|$1.3200|10|$1.2500|25|$1.1900|50|$1.1300|100|$1.0800|200|$1.0200|
SMBJ20CA|Bourns Inc|12000|750|$0.0990|1500|$0.0940|2250|$0.0900|3000|$0.0850|6000|$0.0810|12000|$0.0770|18000|$0.0730|
P6SMBJ20CA|World Products Inc|2250|1|$0.3300|25|$0.3100|100|$0.3000|500|$0.1900|1000|$0.1500|2500|$0.1400|5000|$0.1200|10000|$0.1100|
2-487406-3|TE Connectivity Ltd|80290|1|$0.2050|2000|$0.1741|3500|$0.1566|7000|$0.1411|14000|$0.1339|28000|$0.1277|56000|$0.1174|100000|$0.0917|
321684|TE Connectivity Ltd|4241|1|$0.1620|1000|$0.1370|2000|$0.1240|3000|$0.1110|5000|$0.1060|10000|$0.1000|20000|$0.0920|25000|$0.0900|
8-321684-1|TE Connectivity Ltd|20|1|$0.3401|25|$0.3234|100|$0.3068|500|$0.2912|1000|$0.1622|5000|$0.1456|10000|$0.1414|25000|$0.1373|
2-321684-1|TE Connectivity Ltd|5063|1|$0.8600|100|$0.8100|500|$0.7700|1000|$0.7300|1250|$0.7000|2500|$0.4290|3750|$0.3400|5000|$0.3330|
500SSP1S3M7QEA|E-Switch Inc|99|10|$2.5600|25|$2.4400|100|$2.3100|200|$2.2000|500|$2.0900|1000|$1.8900|2500|$1.6900|
RS3MB|World Products Inc|799|1|$0.1800|25|$0.1600|100|$0.1500|500|$0.1000|1000|$0.0900|2500|$0.0800|5000|$0.0800|10000|$0.0700|
H3Y4US3MAC120|OMRON Industrial Automation|44|1|$84.8000|10|$80.5700|25|$76.3300|50|$72.1000|
500SSP1S3M6REA|E-Switch Inc|300|10|$2.6000|25|$2.4700|100|$2.3500|200|$2.2300|500|$2.1200|1000|$1.9200|2500|$1.7200|
MDE45M-8MRP-RJ45S-3M-SS-GN|Mencom Corporation|4|1|$51.8200|5|$47.8300|10|$45.7200|25|$43.7900|50|$40.9100|100|$39.8600|
PDS1-S3-S3-M-TR|CUI Inc|500|1|$8.2000|10|$7.7900|25|$7.4000|100|$7.0300|125|$6.6800|250|$4.1100|375|$3.2600|500|$3.1900|
PDS1-S5-S3-M-TR|CUI Inc|500|1|$8.2000|10|$7.7900|25|$7.4000|100|$7.0300|125|$6.6800|250|$4.1100|375|$3.2600|500|$3.1900|
A22S3M20|OMRON Industrial Automation|8|1|$37.1500|10|$34.2900|25|$31.8400|50|$29.7200|100|$27.8700|
PES1-S3-S3-M-TR|CUI Inc|500|1|$13.0900|10|$12.4300|25|$11.8100|100|$11.2200|125|$10.6600|250|$6.5600|375|$5.1900|500|$5.0900|
BM77SPPS3MC2-0007AA|Microchip Technology Inc|88|2|$13.7000|10|$12.4500|25|$10.0700|88|$9.6500|100|$9.2600|250|$9.0100|500|$8.7800|
RAMS-S3-M|Panduit Corp|1070|1000|$0.5100|2000|$0.5000|4000|$0.4940|8000|$0.4840|16000|$0.4600|32000|$0.4370|
RS3M|World Products Inc|2955|1|$0.1800|25|$0.1600|100|$0.1500|500|$0.1000|1000|$0.0900|2500|$0.0900|5000|$0.0800|10000|$0.0800|
A22S3M11|OMRON Industrial Automation|4|1|$37.1500|10|$34.2900|25|$31.8400|50|$29.7200|100|$27.8700|
PES1-S3-S3-M|CUI Inc|445|1|$9.1100|25|$7.4500|72|$6.0300|100|$5.7700|250|$5.5400|500|$5.3900|1000|$5.2600|
VP5-0083TR-R|Coiltronics|115|1|$6.8500|25|$6.5100|100|$6.1900|115|$5.8800|500|$5.5800|1000|$5.3000|5000|$5.0400|15000|$3.3800|
SRR7045-220M|Bourns Inc|865|250|$0.2950|500|$0.2810|750|$0.2660|1000|$0.2530|2000|$0.2410|
SRU1038-330Y|Bourns Inc|1000|200|$0.3890|400|$0.3690|600|$0.3510|800|$0.3330|1600|$0.3160|
SRU1048-151Y|Bourns Inc|250|150|$0.4100|300|$0.3690|450|$0.3510|600|$0.3330|1200|$0.3160|
SMBJ75CA|Bourns Inc|21955|500|$0.1030|1000|$0.0930|3000|$0.0880|6000|$0.0840|12000|$0.0800|
SMCJ28A|Bourns Inc|12400|500|$0.1990|1000|$0.1890|3000|$0.1790|6000|$0.1700|12000|$0.1620|24000|$0.1540|
4-640426-0|TE Connectivity Ltd|13826|1|$0.5459|100|$0.4893|150|$0.4408|250|$0.4182|500|$0.3976|1000|$0.3657|10000|$0.3203|
DR331-513AE|Bourns Inc|4250|250|$0.4200|500|$0.3990|1000|$0.3790|1500|$0.3600|3000|$0.3420|
MF-FSMF035X-2|Bourns Inc|5135|500|$0.3940|2000|$0.3740|3000|$0.3550|6000|$0.3370|12000|$0.3210|
1735164-1|TE Connectivity Ltd|1314|1|$11.5400|25|$10.9600|100|$10.4200|135|$9.9000|270|$6.0900|405|$4.8300|540|$4.7200|
173974-1|TE Connectivity Ltd|26475|1|$0.0835|100|$0.0793|500|$0.0750|1000|$0.0718|5000|$0.0675|10000|$0.0510|15000|$0.0476|20000|$0.0466|
7-173974-1|TE Connectivity Ltd|3335|1|$0.0978|100|$0.0926|500|$0.0874|1000|$0.0832|5000|$0.0790|10000|$0.0593|15000|$0.0551|20000|$0.0541|
3590S-2-102L|Bourns Inc|448|5|$9.2000|25|$8.4900|50|$7.8900|100|$7.3600|500|$7.0800|
3590S-2-202L|Bourns Inc|198|5|$9.2000|25|$8.4900|50|$7.8900|100|$7.3600|500|$7.0800|
3590S-2-502L|Bourns Inc|389|5|$9.2000|25|$8.4900|50|$7.8900|100|$7.3600|500|$7.0800|
4308H-102-682LF|Bourns Inc|960|25|$1.0000|50|$0.9500|100|$0.9100|500|$0.8600|1000|$0.6500|1500|$0.6000|2000|$0.5900|
4606X-101-103LF|Bourns Inc|6153|100|$0.2510|250|$0.1040|500|$0.0850|1000|$0.0700|2500|$0.0650|4000|$0.0630|
4610X-101-472LF|Bourns Inc|20197|70|$0.3700|100|$0.1850|250|$0.1640|500|$0.1350|1000|$0.1100|4000|$0.1030|5000|$0.0990|
3314J-1-104E|Bourns Inc|2021|100|$0.9800|200|$0.9300|300|$0.8900|400|$0.8400|500|$0.8000|1000|$0.7600|
3314Z-1-102E|Bourns Inc|634|50|$1.0300|100|$0.9700|150|$0.9300|200|$0.8800|400|$0.8400|
HLMP1301104F|Dialight|174|1|$4.0500|25|$3.8400|69|$3.6500|138|$2.7400|206|$2.5700|275|$2.5200|
HLMP1719101F|Dialight|919|28|$0.9000|56|$0.8500|100|$0.6470|500|$0.6150|1000|$0.5680|1400|$0.5270|1500|$0.4920|1600|$0.4730|
ERB-RE1R50V|Panasonic Electronic Components|5000|1000|$0.1760|2000|$0.1670|3000|$0.1520|4000|$0.1390|5000|$0.1130|10000|$0.1070|
D38999/26FC35SN|TE Connectivity Ltd|107|1|$51.8700|5|$47.5500|10|$46.3300
D38999/26WD18PN|TE Connectivity Ltd|116|1|$38.7600|50|$36.3400|100|$29.0600|200|$23.9800|350|$21.8000|500|$20.3500|700|$19.6300|
CM1-R-24V|Panasonic Electronic Components|224|1|$5.8600|25|$4.9800|50|$4.7300|100|$4.3700|250|$3.8800|500|$3.6300|1000|$3.3900|
S2EB-24V|Panasonic Electronic Components|643|1|$16.4600|10|$10.8400|25|$10.5700|50|$9.9200|100|$9.3500|250|$9.1400|500|$9.0500|
ST1-DC5V-F|Panasonic Electronic Components|100|1|$9.1000|25|$8.9200|100|$8.7500|250|$8.5500|500|$8.0100|1000|$7.8000|5000|$7.4800|10000|$7.1000|
TQ2-12V-3|Panasonic Electronic Components|140|1|$3.3300|25|$2.8600|50|$2.6300|100|$2.5900|250|$2.2400|500|$2.1000|1000|$1.9600|
TQ2-6V|Panasonic Electronic Components|832|1|$3.3900|25|$2.9400|50|$2.7900|100|$1.4500|250|$1.3700|500|$1.3500|1000|$1.3400|
C0805C330J5GAC7800-CUT-TAP|KEMET Corporation|400|7353|$0.0068|10000|$0.0063
502351-0600|Molex|1488|260|$0.1978|3750|$0.1926|7500|$0.1875|15000|$0.1833|
502380-1500|Molex|752|303|$0.1650|2500|$0.1620|5000|$0.1560|10000|$0.1530|
EEU-FC1A332|Panasonic Electronic Components|572|100|$0.7400|200|$0.6500|300|$0.5200|400|$0.3810|500|$0.3650|1000|$0.3460|2500|$0.3320|
EEU-FC1A332S|Panasonic Electronic Components|423|100|$0.8900|200|$0.7800|300|$0.6200|400|$0.4580|500|$0.4380|1000|$0.4150|2500|$0.3990|
SMCJ33CA|Taitron Components Inc|734|1|$1.9600|25|$1.3700|50|$1.1000|85|$0.8370|250|$0.7260|500|$0.6400|850|$0.5130|
SMCJ33CA|Bourns Inc|19000|500|$0.2240|1000|$0.2120|3000|$0.2020|6000|$0.1920|12000|$0.1820|24000|$0.1730|
3.0SMCJ33CA-F|World Products Inc|1500|1|$0.6600|25|$0.6300|100|$0.6000|500|$0.3900|1000|$0.3700|2500|$0.3400|5000|$0.3200|10000|$0.3000|
TB400|Extech by FLIR|1|1|$599.0000
TB400-02|Eaton Bussmann|55|8|$3.4700|25|$3.2000|50|$2.9700|100|$2.7700|500|$2.6700|
M2550TB400|Crydom Inc|5|1|$37.7900|10|$35.9700|25|$35.1900|50|$34.3600|100|$33.3500|
TB400-05|Eaton Bussmann|46|3|$8.6700|25|$8.0000|50|$7.4300|100|$6.9300|500|$6.6700|
TB400-12B|Eaton Bussmann|19|2|$23.1900|10|$21.0500|25|$19.5400|50|$18.2400|100|$17.5400|
TB400-10|Eaton Bussmann|33|2|$17.6300|10|$16.0000|25|$14.8600|50|$13.8700|100|$13.3300|
TB400-06|Eaton Bussmann|140|3|$10.4000|25|$9.6000|50|$8.9100|100|$8.3200|500|$8.0000|
CTTB-400|GC Electronics|148|3|$9.9500|10|$9.4600|25|$8.7100|50|$8.0100|
M50100TB400|Crydom Inc|15|1|$95.1800|3|$90.4200|5|$81.3800|8|$71.2000|10|$69.7800|
TB400-03|Eaton Bussmann|288|5|$5.2000|25|$4.8000|50|$4.4600|100|$4.1600|500|$4.0000|
TB400-10ST|Eaton Bussmann|95|1|$24.9000|13|$23.6500|25|$18.4500|38|$16.1800|50|$15.8600|
TB400-11|Eaton Bussmann|20|2|$24.7700|10|$22.8600|25|$21.2300|50|$19.8100|100|$18.5800|
TB400-04|Eaton Bussmann|115|4|$6.9300|25|$6.4000|50|$5.9400|100|$5.5500|500|$5.3300|
503159-1100|Molex|191|197|$0.2550|250|$0.2420|500|$0.2300|1000|$0.2190|8640|$0.2080|10000|$0.1970|
76382-303LF|Amphenol ICC|500|1|$1.1500|50|$0.5800|100|$0.5100|250|$0.4200|500|$0.3400|1000|$0.3200|2500|$0.3100|
ELL-6RH2R7M|Panasonic Electronic Components|675|250|$0.5650|500|$0.5140|750|$0.4710|1000|$0.3480|2000|$0.3350|
ERZ-V14D911|Panasonic Electronic Components|1000|30|$0.8500|50|$0.7400|100|$0.5900|250|$0.4360|500|$0.4180|1000|$0.3950|2500|$0.3800|
ELL-VEG1R0N|Panasonic Electronic Components|875|500|$0.2330|1000|$0.2120|1500|$0.1950|2000|$0.1430|4000|$0.1380|
ERA-2AEB131X|Panasonic Electronic Components|10000|2000|$0.0960|4000|$0.0860|6000|$0.0790|8000|$0.0720|10000|$0.0540|20000|$0.0520|
ERA-3AEB104V|Panasonic Electronic Components|205934|1000|$0.0633|2000|$0.0570|3000|$0.0518|4000|$0.0475|5000|$0.0352|10000|$0.0338|
3361P-1-504GLF|Bourns Inc|504|150|$0.5750|300|$0.5460|600|$0.5190|750|$0.4930|1500|$0.4680|
3362H-1-202LF|Bourns Inc|666|40|$0.6300|50|$0.5800|100|$0.5400|250|$0.4000|500|$0.3850|
5-102202-6|TE Connectivity Ltd|51|1|$1.9900|20|$1.7900|180|$1.6100|360|$1.5300|720|$1.4500|1440|$1.3400|2500|$1.0800|
5-102203-5|TE Connectivity Ltd|138|1|$2.1900|23|$1.9700|207|$1.7700|414|$1.6900|828|$1.6000|1656|$1.4700|2500|$1.4200|
EA2-24NU|World Products Inc|1578|1|$3.0500|25|$2.8900|100|$2.7500|500|$1.7900|1000|$1.6200|2500|$1.4500|5000|$1.3100|10000|$1.1700|
SKHHBSA010|Alps Electric Co Ltd|2306|1|$0.2256|25|$0.2101|100|$0.1133|500|$0.0968|
10104110-0001LF|Amphenol ICC|4410|1|$1.2200|50|$0.6077|100|$0.5459|1000|$0.4429|2500|$0.3605|5000|$0.3399|10000|$0.3296|
EXB-28V430JX|Panasonic Electronic Components|20000|10000|$0.0079|20000|$0.0073|40000|$0.0069|80000|$0.0067|
3362P-1-202LF|Bourns Inc|4209|50|$0.5000|100|$0.4290|250|$0.4000|500|$0.3850|
3362X-1-202LF|Bourns Inc|2530|30|$0.9400|50|$0.8600|100|$0.6400|250|$0.6000|500|$0.5800|
3386F-1-201LF|Bourns Inc|733|30|$0.9800|50|$0.9000|100|$0.6700|200|$0.6300|500|$0.6000|
SMCJ36A|Bourns Inc|11093|500|$0.1990|1000|$0.1890|3000|$0.1790|6000|$0.1700|12000|$0.1620|24000|$0.1540|
1.5SMCJ36A|World Products Inc|6000|1|$0.5300|25|$0.5000|100|$0.4800|500|$0.2900|1000|$0.2600|2500|$0.2300|5000|$0.2100|10000|$0.1900|
3.0SMCJ36A-F|World Products Inc|2893|1|$0.7200|25|$0.6800|100|$0.6500|500|$0.4300|1000|$0.4000|2500|$0.3700|5000|$0.3400|10000|$0.3200|
SMCJ45A|Bourns Inc|3000|500|$0.1990|1000|$0.1890|3000|$0.1790|6000|$0.1700|12000|$0.1620|24000|$0.1540|
SMCJ70A|Bourns Inc|3000|500|$0.1990|1000|$0.1890|3000|$0.1790|6000|$0.1700|12000|$0.1620|24000|$0.1540|
SMCJ7.0A|Bourns Inc|12000|500|$0.1990|1000|$0.1890|3000|$0.1790|6000|$0.1700|12000|$0.1620|24000|$0.1540|
ERJ-3EKF6801V|Panasonic Electronic Components|103400|5000|$0.0082|10000|$0.0075|20000|$0.0065|40000|$0.0061|
926477-1|TE Connectivity Ltd|69|1|$0.4722|100|$0.4482|500|$0.4264|1000|$0.4046|3750|$0.3848|7500|$0.2371|11250|$0.1872|15000|$0.1841|
1-1410271-1|TE Connectivity Ltd|4|1|$10.7300|27|$9.6600|54|$9.1800|108|$8.7100|216|$8.0200|5000|$5.8800|
1735446-5|TE Connectivity Ltd|3274|1|$0.0855|450|$0.0721|900|$0.0649|1800|$0.0587|3600|$0.0556|7200|$0.0536|14400|$0.0488|25000|$0.0427|
SKRBAKE010|Alps Electric Co Ltd|30765|1|$0.3152|25|$0.3121|100|$0.2977|500|$0.2019|1000|$0.1978|4500|$0.1638|
91348-1|TE Connectivity Ltd|5|1|$961.2200|5|$624.7800|10|$432.5400|25|$384.4800|
1891348-1|TE Connectivity Ltd|1|1|$262.6200|3|$249.5000|5|$238.6500|10|$216.9500|
927775-3|TE Connectivity Ltd|82968|1|$0.5700|25|$0.5400|100|$0.5100|500|$0.3640|1000|$0.3450|4000|$0.3280|12000|$0.3120|20000|$0.2960|
284510-7|TE Connectivity Ltd|62|1|$11.9600|25|$11.3700|100|$10.8000|200|$6.6500|300|$5.2600|400|$5.1600|
499252-2|TE Connectivity Ltd|36200|1|$0.1813|500|$0.1535|2000|$0.1380|3500|$0.1246|6500|$0.1185|12500|$0.1123|25000|$0.1071|
1-499252-2|TE Connectivity Ltd|2846|1|$0.2050|500|$0.1740|1500|$0.1560|2500|$0.1410|5000|$0.1340|9500|$0.1270|19000|$0.1210|
555052-1|CommScope Inc|8970|100|$5.8000|200|$5.6300|400|$5.3500
5552567-3|TE Connectivity Ltd|536|1|$8.0700|25|$7.6600|100|$7.2800|125|$6.9200|250|$4.2600|375|$3.3700|500|$3.3000|
HLMP1503103F|Dialight|207|1|$3.0500|25|$2.8900|91|$2.7500|182|$2.0600|273|$1.9300|364|$1.8900|
HLMP1503104F|Dialight|175|8|$3.5600|25|$3.3800|50|$3.2100|100|$3.0500|225|$2.8200|250|$2.6200|275|$2.4400|300|$2.3500|
1971795-1|TE Connectivity Ltd|2550|500|$0.0230|1000|$0.0217|5000|$0.0209|9000|$0.0163|25000|$0.0155|45000|$0.0135|50000|$0.0128|
2-520181-2|TE Connectivity Ltd|465881|675|$0.0830|1350|$0.0810|2025|$0.0790|2700|$0.0740|5400|$0.0700|10800|$0.0660|25650|$0.0640|
2-36151-2|TE Connectivity Ltd|15000|1|$0.1860|750|$0.1580|1500|$0.1420|2500|$0.1280|5000|$0.1210|10000|$0.1150|15000|$0.1060|25000|$0.0980|
2-36154-2|TE Connectivity Ltd|26000|1000|$0.1490|2000|$0.1440|5000|$0.0970|10000|$0.0930|25000|$0.0910|
281695-4|TE Connectivity Ltd|3861|1|$0.6489|250|$0.5871|500|$0.5253|1000|$0.5016|2000|$0.4759|4000|$0.4522|
103635-3|TE Connectivity Ltd|1411|1|$0.8200|42|$0.7400|378|$0.6700|756|$0.6300|1512|$0.6000|3024|$0.5500|5000|$0.3890|
2-103635-3|TE Connectivity Ltd|131|1|$6.0300|25|$5.7300|100|$5.4400|144|$5.1700|288|$3.1800|432|$2.5200|576|$2.4700|
7-103635-3|TE Connectivity Ltd|25|1|$6.9000|25|$6.5500|100|$6.2200|144|$5.9200|288|$3.6400|432|$2.8800|576|$2.8200|
2-1103635-3|TE Connectivity Ltd|3|1|$19.4700|5|$17.5200|10|$16.6400|20|$15.8100|40|$14.5500|50|$12.1000|100|$10.1100|250|$8.5800|
5-103635-3|TE Connectivity Ltd|2654|1|$1.0000|42|$0.9000|378|$0.8100|756|$0.7700|1512|$0.7300|3024|$0.6800|5000|$0.4740|
1-103635-3|TE Connectivity Ltd|666|1|$1.9300|25|$1.8300|100|$1.7400|252|$1.6500|504|$1.2400|756|$1.1600|1008|$1.1300|
6-103635-3|TE Connectivity Ltd|42|1|$2.1800|25|$2.0700|100|$1.9700|252|$1.8700|504|$1.4000|756|$1.3100|1008|$1.2800|
54601-908WPLF|Amphenol ICC|2700|1|$0.8200|50|$0.4100|100|$0.3700|250|$0.3000|500|$0.2500|1000|$0.2300|3200|$0.2200|
61082-041402LF|Amphenol ICC|800|1|$4.4000|25|$3.6100|50|$2.9100|100|$2.7900|250|$2.6800|800|$2.6100|1000|$2.5400|
5-1634552-1|TE Connectivity Ltd|62|1|$1.9100|100|$1.7300|150|$1.5500|250|$1.4800|500|$1.4000|1000|$1.2900|2500|$1.1300|5000|$0.9776|
7-5174385-5|TE Connectivity Ltd|85|1|$18.9300|25|$17.3200|50|$15.7200|100|$14.6000|120|$13.6300|500|$13.1000|
5223957-1|TE Connectivity Ltd|543|1|$1.7300|150|$1.5600|250|$1.4000|500|$1.3300|1000|$1.2600|2000|$1.2000|5000|$0.8800|
5-2271110-2|TE Connectivity Ltd|7|25|$32.0700|50|$19.7400|75|$15.6200|100|$15.3100|
5229996-3|TE Connectivity Ltd|3921|1|$0.1019|1500|$0.0863|2500|$0.0780|5000|$0.0697|10000|$0.0666|15000|$0.0634|25000|$0.0582|
3-178137-2|TE Connectivity Ltd|115|1|$1.9300|23|$1.7300|345|$1.5600|690|$1.4800|1380|$1.4000|2760|$1.3400|5000|$1.2100|10000|$1.0197|
3-292138-0|TE Connectivity Ltd|2987|1|$3.2700|100|$3.1000|500|$2.9400|1000|$2.8000|2520|$2.6600|5040|$1.4000|7560|$0.9672|10080|$0.9464|
BAT54S|Taitron Components Inc|6750|1|$0.2860|25|$0.2070|100|$0.1760|300|$0.1600|3000|$0.0335|
1217094-2|TE Connectivity Ltd|4000|2500|$0.0820|5000|$0.0770|7500|$0.0750|10000|$0.0580|20000|$0.0550|50000|$0.0440|100000|$0.0385|250000|$0.0341|
EEU-FM1E272|Panasonic Electronic Components|1800|100|$0.9900|200|$0.8700|300|$0.6900|400|$0.5100|500|$0.4890|1000|$0.4630|2500|$0.4450|
5110.1033.1|Schurter Electronic Components|67|1|$15.1100|10|$12.2200|25|$11.7100|50|$11.2300|100|$10.9400|250|$10.6600|
6600.3300|Schurter Electronic Components|742|1|$1.5900|25|$1.3000|50|$1.0500|100|$1.0100|250|$0.9700|500|$0.9400|1000|$0.9200|
EEE-FK1E332AM|Panasonic Electronic Components|1375|125|$0.9600|250|$0.8900|500|$0.8400|1000|$0.8200|
AH086M555003-T|TAIYO YUDEN|10920|1|$1.1000|25|$1.0400|100|$0.9900|500|$0.9400|1000|$0.8900|5000|$0.8500|10000|$0.8100|20000|$0.6000|
504618-1010-TR750|Molex|450|750|$0.3710|1500|$0.3580|2250|$0.3500|3000|$0.3420|
GSB416445CHR|Amphenol Commercial|9250|1|$2.2500|25|$2.1400|100|$2.0300|1000|$1.9300|1300|$1.8300|2600|$0.9682|3900|$0.6798|5200|$0.6695|
TR/3216FF30-R|Eaton Bussmann|1715|40|$0.8300|50|$0.7900|100|$0.7500|500|$0.7100|1000|$0.6700|3000|$0.6400|6000|$0.5800|9000|$0.4490|
ECQ-E4333KFW|Panasonic Electronic Components|5993|1000|$0.3203|2000|$0.1597|4000|$0.1421|5000|$0.1164|6000|$0.0958|8000|$0.0886|10000|$0.0855|
ECQ-E4334KF|Panasonic Electronic Components|6000|50|$0.5150|100|$0.3615|250|$0.2657|500|$0.2544|1000|$0.2410|2500|$0.2318|
ECQ-E6153KF|Panasonic Electronic Components|400|1000|$0.4491|2000|$0.2245|4000|$0.1998|5000|$0.1627|6000|$0.1339|8000|$0.1246|10000|$0.1195|
NRS8040T100MJGJ|TAIYO YUDEN|1000|250|$0.2100|500|$0.2010|750|$0.1840|1000|$0.1650|2000|$0.1570|5000|$0.1490|10000|$0.1410|30000|$0.1270|
NRS8040T100MJGJV|TAIYO YUDEN|1000|250|$0.3050|500|$0.2910|750|$0.2670|1000|$0.2390|2000|$0.2270|5000|$0.2160|10000|$0.2050|50000|$0.2010|
ERA-3AEB3241V|Panasonic Electronic Components|5000|1000|$0.0633|2000|$0.0570|3000|$0.0518|4000|$0.0475|5000|$0.0352|10000|$0.0338|
EEA-GA1C100H|Panasonic Electronic Components|3240|211|$0.1190|250|$0.0790|500|$0.0600|1000|$0.0433|2000|$0.0397|5000|$0.0366|10000|$0.0340|
EEA-GA1C100B|Panasonic Electronic Components|1920|211|$0.1190|250|$0.0790|500|$0.0600|1000|$0.0433|2000|$0.0397|5000|$0.0366|10000|$0.0340|
EEA-GA1C100|Panasonic Electronic Components|11375|200|$0.1190|400|$0.0600|1000|$0.0433|2500|$0.0397|5000|$0.0366|10000|$0.0340|
EEA-GA1C220H|Panasonic Electronic Components|3990|187|$0.1340|250|$0.0890|500|$0.0670|1000|$0.0487|2000|$0.0447|5000|$0.0412|10000|$0.0383|
ERJ-8GEYJ561V|Panasonic Electronic Components|27893|5000|$0.0075|10000|$0.0068|20000|$0.0059|40000|$0.0055|
ERZ-V07D470|Panasonic Electronic Components|6377|1000|$0.3090|2000|$0.1550|4000|$0.1370|5000|$0.1120|6000|$0.0920|8000|$0.0860|10000|$0.0820|
10TPB150ML|Panasonic Electronic Components|2500|500|$0.9300|1000|$0.8400|1500|$0.7700|2500|$0.6300|5000|$0.5900|
EEU-FC1J220|Panasonic Electronic Components|2844|200|$0.2220|400|$0.0990|800|$0.0810|1000|$0.0660|2500|$0.0620|5000|$0.0590|
EEU-FC1J220H|Panasonic Electronic Components|4000|113|$0.2220|250|$0.0990|500|$0.0810|1000|$0.0660|2000|$0.0620|5000|$0.0590|
EEU-FC1J681L|Panasonic Electronic Components|2953|26|$0.9700|50|$0.8400|100|$0.6800|250|$0.4970|500|$0.4760|1000|$0.4510|2500|$0.4330|
EEU-FC1J681S|Panasonic Electronic Components|2000|100|$1.2100|200|$1.0600|300|$0.8400|400|$0.6200|500|$0.5900|1000|$0.5600|2500|$0.5400|
EEU-FC1J681|Panasonic Electronic Components|1355|100|$1.0600|200|$0.9300|300|$0.7400|400|$0.5400|500|$0.5200|1000|$0.4940|2500|$0.4750|
175778-3|TE Connectivity Ltd|30343|1|$0.0700|2500|$0.0590|5000|$0.0530|10000|$0.0480|15000|$0.0456|30000|$0.0433|60000|$0.0398|100000|$0.0384|
175778-7|TE Connectivity Ltd|1325|1|$0.2503|2500|$0.2132|5000|$0.1916|7500|$0.1730|15000|$0.1638|30000|$0.1555|60000|$0.1483|100000|$0.1421|
175974-2|TE Connectivity Ltd|560|1|$5.8000|100|$5.5100|500|$5.2400|1000|$4.9800|2000|$4.7300|4000|$2.4100|6000|$1.6400|8000|$1.6100|
1888810-2|TE Connectivity Ltd|310|1|$3.1900|100|$2.8700|200|$2.5900|300|$2.4500|500|$2.3400|1000|$2.1400|5000|$1.8800|10000|$1.6200|
5229996-2|TE Connectivity Ltd|3303|1|$0.0810|1000|$0.0690|2000|$0.0620|4000|$0.0560|7500|$0.0530|15000|$0.0510|25000|$0.0466|
926301-3|TE Connectivity Ltd|1460|1|$1.0094|25|$0.9682|100|$0.9167|350|$0.8652|700|$0.6489|1050|$0.6077|1400|$0.5974|
926883-1|TE Connectivity Ltd|10015|1|$0.3020|100|$0.2870|500|$0.2730|1000|$0.2590|5000|$0.2460|10000|$0.1510|15000|$0.1200|20000|$0.1170|
87224-3|TE Connectivity Ltd|5163|1|$0.7900|520|$0.6800|1560|$0.6100|2600|$0.5500|5200|$0.5200|10400|$0.4940|20800|$0.4540|
87227-5|TE Connectivity Ltd|1097|1|$2.7600|50|$2.4900|100|$2.3600|160|$2.2500|320|$2.1300|500|$1.9000|1000|$1.7800|2500|$1.7200|
2-87227-5|TE Connectivity Ltd|101|1|$21.4500|25|$20.3800|100|$19.3600|250|$18.3900|500|$9.7100|750|$6.6800|1000|$6.5400|
5-1634506-1|TE Connectivity Ltd|1026|1|$1.5700|50|$1.4100|150|$1.2700|250|$1.2100|500|$1.1500|1000|$1.0500|2500|$0.9300|5000|$0.8100|
5205980-5|TE Connectivity Ltd|8757|1|$0.3690|750|$0.3320|1500|$0.2990|3000|$0.2840|6000|$0.2690|9000|$0.2480|10000|$0.2320|25000|$0.2170|
USB5537B-5000AKZE|Microchip Technology Inc|168|3|$8.6700|25|$7.0900|50|$5.7400|100|$5.4900|168|$5.2700|500|$5.1300|1000|$5.0000|
2-320561-2|TE Connectivity Ltd|555|1|$0.1778|400|$0.1602|750|$0.1435|1500|$0.1373|2500|$0.1300|5000|$0.1196|10000|$0.1134|25000|$0.1050|
2-320561-3|TE Connectivity Ltd|9721|1|$0.4730|500|$0.4020|1000|$0.3620|2000|$0.3260|3000|$0.3090|5000|$0.2940|10000|$0.2700|25000|$0.2490|
2-320561-4|TE Connectivity Ltd|130|1|$0.5408|500|$0.4597|1000|$0.4139|2000|$0.3723|3000|$0.3536|5000|$0.3359|10000|$0.3089|25000|$0.2850|
2-320563-2|TE Connectivity Ltd|20750|1|$0.1840|250|$0.1650|500|$0.1490|1000|$0.1410|2000|$0.1340|4000|$0.1240|5000|$0.1150|10000|$0.1090|
31890|TE Connectivity Ltd|42190|1|$0.1190|250|$0.1090|500|$0.1060|1000|$0.1030|2500|$0.0980|5000|$0.0960|10000|$0.0930|25000|$0.0900|
8-5353189-0|TE Connectivity Ltd|1000|1|$39.2300|25|$37.2800|100|$35.4100|500|$33.6400|1000|$17.1800|1500|$11.7000|2000|$11.4600|
8-31890-1|TE Connectivity Ltd|4111|1|$0.3140|100|$0.2830|900|$0.2540|1800|$0.2420|3500|$0.2300|7000|$0.2180|10000|$0.2070|25000|$0.1910|
2-31890-1|TE Connectivity Ltd|13710|1|$0.1580|25|$0.1450|100|$0.1350|250|$0.1320|500|$0.1300|1000|$0.1190|5000|$0.1020|10000|$0.0950|
1-480721-0|TE Connectivity Ltd|2877|1|$0.5871|400|$0.5253|750|$0.4748|1500|$0.4511|2500|$0.4285|5000|$0.3945|
171661-1|TE Connectivity Ltd|40318|1500|$0.1020|9000|$0.0990|18000|$0.0970
174928-1|TE Connectivity Ltd|396|1|$0.6600|25|$0.6000|100|$0.5500|500|$0.3800|1000|$0.3530|2400|$0.3290|5000|$0.3090|
MCP23S18-E/SO|Microchip Technology Inc|241|14|$1.8900|50|$1.2500|100|$1.2000|297|$1.1500|500|$1.1200|1000|$1.0900|
86094647113755ELF|Amphenol ICC|302|1|$2.0300|25|$1.6600|50|$1.3400|100|$1.2900|352|$1.2300|500|$1.2000|1000|$1.1700|
SKRTLBE010|Alps Electric Co Ltd|1156|1|$0.5100|25|$0.5000|50|$0.4800|100|$0.4600|500|$0.3330|1000|$0.3270|1500|$0.2050|
20021111-00010T4LF|Amphenol ICC|2730|1|$1.0800|50|$0.5459|100|$0.4841|250|$0.3914|500|$0.3193|1000|$0.2987|2418|$0.2884|
MS3475W24-61P|TE Connectivity Ltd|34|1|$45.2600|10|$40.7300|15|$38.7000|25|$36.7600|50|$34.9200|100|$31.4300|250|$30.0400|500|$28.6300|
86553113TLF|Amphenol ICC|4144|1|$1.4800|25|$1.2100|50|$0.9800|100|$0.9400|250|$0.9000|600|$0.8700|1000|$0.8500|
KST221GLFS|C&K Components|38573|1000|$0.4600|2000|$0.4290|4000|$0.4180|8000|$0.3930|
D09S24A6PV00LF|Amphenol ICC|900|1|$1.3000|25|$1.0600|50|$0.8600|100|$0.8200|360|$0.7900|500|$0.7700|1000|$0.7500|
TR/3216FF3-R|Eaton Bussmann|1307|60|$0.4190|80|$0.3980|100|$0.3780|500|$0.3590|1000|$0.3410|3000|$0.3240|6000|$0.3090|9000|$0.2950|
TR/PCB-2-R|Eaton Bussmann|1000|1|$6.1300|25|$5.8200|100|$5.5300|125|$5.2500|250|$3.2300|375|$2.5600|500|$2.5100|
TXD2SA-5V-Z|Panasonic Electronic Components|963|1|$4.0600|25|$4.0200|50|$2.8900|100|$2.7600|250|$2.7300|500|$2.7000|1000|$2.6800|
827551-3|TE Connectivity Ltd|421|1|$1.8900|50|$1.7800|100|$1.6200|500|$1.5800|1000|$1.3100|2000|$1.1900|5000|$1.0700|
10TPB33M|Panasonic Electronic Components|3769|500|$0.4510|1000|$0.4100|1500|$0.3760|2000|$0.2780|4000|$0.2680|
ERJ-3EKF4320V|Panasonic Electronic Components|24900|5000|$0.0082|10000|$0.0075|20000|$0.0065|40000|$0.0061|
154719-0|TE Connectivity Ltd|71759|1|$0.0560|400|$0.0474|750|$0.0427|1500|$0.0384|3000|$0.0365|6000|$0.0347|12000|$0.0320|20000|$0.0294|
2-154719-0|TE Connectivity Ltd|20000|1|$0.1710|100|$0.1620|500|$0.1540|1000|$0.1460|5000|$0.1390|10000|$0.0860|15000|$0.0680|20000|$0.0660|
1-154719-0|TE Connectivity Ltd|9490|1|$0.0700|750|$0.0600|1500|$0.0540|3000|$0.0482|6000|$0.0458|12000|$0.0435|24000|$0.0413|50000|$0.0394|
4-154719-0|TE Connectivity Ltd|7165|1|$0.1100|100|$0.1050|500|$0.1000|1000|$0.0950|5000|$0.0900|10000|$0.0680|15000|$0.0630|20000|$0.0620|
1551572-5|TE Connectivity Ltd|6000|1500|$0.1242|3000|$0.1189|4500|$0.1146|6000|$0.1018|12000|$0.0964|48000|$0.0921|50000|$0.0825|
1551575-5|TE Connectivity Ltd|2180|1000|$0.1757|2000|$0.1692|3000|$0.1617|4000|$0.1371|8000|$0.1296|32000|$0.1082|50000|$0.0974|
1445049-2|TE Connectivity Ltd|36815|1|$0.1470|100|$0.1360|1000|$0.1280|2500|$0.1180|5000|$0.1150|10000|$0.1120|100000|$0.1090|
1-1445049-2|TE Connectivity Ltd|2500|1|$0.4210|100|$0.3790|150|$0.3600|250|$0.3420|500|$0.3250|10000|$0.3150|25000|$0.2540|
1318382-2|TE Connectivity Ltd|464|1|$2.4900|25|$2.3700|50|$2.3300|100|$2.1600|
1320928-2|TE Connectivity Ltd|5|1|$143.0400|3|$134.4600|5|$124.4400|10|$119.4400|25|$108.7100|100|$102.2800|
EEE-1VA470AP|Panasonic Electronic Components|900|1000|$0.1110|2000|$0.1040|4000|$0.0970|8000|$0.0950|
10TAB47M|Panasonic Electronic Components|2000|35|$0.7300|50|$0.6400|100|$0.5100|250|$0.3780|500|$0.3620|1000|$0.3420|2000|$0.3290|
ERJ-2GEJ152X|Panasonic Electronic Components|208751|10000|$0.0039|20000|$0.0036|40000|$0.0031|80000|$0.0029|
JS1-B-24V-F|Panasonic Electronic Components|1886|1|$1.5500|25|$1.4800|50|$1.4600|100|$1.4100|250|$0.9300|500|$0.8800|1000|$0.8800|
G5V-2-H1-DC5|OMRON Electronic Components LLC|783|1|$2.9500|25|$2.4100|50|$1.9400|100|$1.8700|250|$1.7900|500|$1.7400|1000|$1.7000|
EEU-FC1H561S|Panasonic Electronic Components|560|100|$1.0800|200|$0.9400|300|$0.7600|400|$0.5600|500|$0.5300|1000|$0.5000|2500|$0.4840|
EEE-FK1H330P|Panasonic Electronic Components|2899|250|$0.2300|500|$0.2090|750|$0.1920|1000|$0.1410|2000|$0.1360|
ECW-U2104V16|Panasonic Electronic Components|2900|22|$1.1500|25|$0.9400|50|$0.7600|100|$0.7300|500|$0.7000|1000|$0.6800|1500|$0.6700|
EEE-HA1V220P|Panasonic Electronic Components|10000|1000|$0.0870|2000|$0.0800|4000|$0.0680|8000|$0.0640|
EEE-HC1C471P|Panasonic Electronic Components|1500|500|$0.2120|1000|$0.1970|2000|$0.1850|4000|$0.1810|
ECA-1EHG471B|Panasonic Electronic Components|1544|54|$0.4670|100|$0.2330|250|$0.2070|500|$0.1700|1000|$0.1390|2500|$0.1300|5000|$0.1240|
EEE-FK1E471GP|Panasonic Electronic Components|1958|100|$0.4280|200|$0.3890|400|$0.3570|500|$0.2640|1000|$0.2550|
ELL-6PG4R7N|Panasonic Electronic Components|1000|250|$0.3880|500|$0.3530|750|$0.3230|1000|$0.2390|2000|$0.2300|
DR74-R33-R|Coiltronics|974|1|$0.8700|25|$0.8300|100|$0.7900|500|$0.7500|1000|$0.7100|1100|$0.6700|5000|$0.6400|15000|$0.4640|
DRA74-101-R|Coiltronics|415|1|$1.1600|25|$1.1100|100|$1.0500|500|$1.0000|1000|$0.9500|1100|$0.9000|5000|$0.8600|15000|$0.6400|
DRQ74-4R7-R|Coiltronics|9883|1|$0.9400|25|$0.8900|100|$0.8500|500|$0.8100|1000|$0.7700|1100|$0.7300|5000|$0.6900|15000|$0.5200|
DK-621-0412-P|TE Connectivity Ltd|101|1|$63.4600|5|$58.5000|10|$54.2600|50|$52.7300|100|$51.6800|250|$51.4700|500|$46.8000|
1061022-1|TE Connectivity Ltd|92|1|$12.3300|25|$11.7100|100|$11.1300|125|$10.5800|250|$6.5100|375|$5.1500|500|$5.0400|
1123343-2|TE Connectivity Ltd|9800|1|$0.1750|1500|$0.1490|2500|$0.1340|5000|$0.1210|10000|$0.1150|20000|$0.1090|40000|$0.1000|500000|$0.0920|
1-329632-2|TE Connectivity Ltd|13031|1|$0.1420|100|$0.1370|250|$0.1280|500|$0.1260|1000|$0.1220|2500|$0.1140|5000|$0.1110|10000|$0.1070|
1375820-5|TE Connectivity Ltd|42221|1|$0.1473|750|$0.1329|1500|$0.1195|2500|$0.1133|4500|$0.1082|9000|$0.0999|10000|$0.0906|25000|$0.0845|
1-1375820-5|TE Connectivity Ltd|483|1|$0.4430|400|$0.3994|750|$0.3588|1500|$0.3411|3000|$0.3245|5500|$0.2985|10000|$0.2725|25000|$0.2527|
1376350-2|TE Connectivity Ltd|3010|280|$3.8100|560|$2.3500|840|$1.8600|1120|$1.8200|
2132781-6|TE Connectivity Ltd|16568|1|$0.2379|500|$0.2019|1000|$0.1813|2000|$0.1638|3000|$0.1555|5000|$0.1473|10000|$0.1401|25000|$0.1298|
2-320560-1|TE Connectivity Ltd|32008|1|$0.1660|400|$0.1490|750|$0.1340|1500|$0.1280|2500|$0.1210|5000|$0.1120|10000|$0.1060|25000|$0.0980|
2-34151-1|TE Connectivity Ltd|9000|1|$0.2620|400|$0.2360|750|$0.2130|1500|$0.2020|2500|$0.1920|5000|$0.1770|10000|$0.1710|25000|$0.1560|
2-34541-1|TE Connectivity Ltd|15018|1|$0.1830|400|$0.1650|750|$0.1480|1500|$0.1410|2500|$0.1340|5000|$0.1230|10000|$0.1170|25000|$0.1080|
8125SD9AV2BE|C&K Components|9202|1|$2.4600|25|$2.2200|100|$2.0200|250|$1.8800|500|$1.7800|1000|$1.7400|2500|$1.6700|
AQV414|Panasonic Electronic Components|1820|1|$3.5200|25|$3.3200|50|$2.5500|100|$2.4500|250|$2.3900|500|$2.3700|1000|$2.3400|
AQV414EHA|Panasonic Electronic Components|1036|1|$2.9100|25|$2.6300|50|$2.5400|100|$1.5300|250|$1.5100|500|$1.4900|1000|$1.4800|
AQV414A|Panasonic Electronic Components|246|1|$5.5400|10|$4.5300|25|$4.4400|100|$3.8400|250|$3.6200|500|$3.3600|1000|$3.2700|2500|$3.1400|
AQV414H|Panasonic Electronic Components|119|1|$4.2000|25|$4.0300|100|$3.9700
AQV414SZ|Panasonic Electronic Components|590|1|$4.8000|25|$4.7000|50|$4.6500|100|$4.5000|250|$4.4600|500|$4.4100|1000|$2.5400|
AQV414EA|Panasonic Electronic Components|560|1|$3.0100|25|$2.6000|50|$2.4300|100|$2.3000|250|$1.9900|500|$1.8700|1000|$1.7400|
AQV414EH|Panasonic Electronic Components|389|1|$3.4500|25|$3.2800|50|$3.1100|100|$2.9600|500|$2.8100|1000|$1.3800|
AQV414SX|Panasonic Electronic Components|629|1|$4.5700|25|$3.7300|100|$3.1700|250|$3.1100|500|$2.8000|1000|$2.7400|
AQV414S|Panasonic Electronic Components|1072|1|$4.5200|25|$4.1100|50|$3.2400|75|$3.2000|100|$3.0500|250|$3.0200|500|$2.9900|1000|$2.9600|
AQV414HA|Panasonic Electronic Components|200|1|$4.2000|25|$3.9600|100|$3.8700|250|$3.8400|500|$3.7600|
AQV414E|Panasonic Electronic Components|707|1|$3.0100|25|$2.6000|50|$2.4800|100|$1.7100|250|$1.6900|500|$1.6800|1000|$1.6600|
ELK-E221FA|Panasonic Electronic Components|2803|500|$0.3090|1000|$0.2810|1500|$0.2570|2000|$0.1900|4000|$0.1830|
EEU-FC2A560|Panasonic Electronic Components|200|200|$0.4470|400|$0.3130|600|$0.2300|800|$0.2200|1000|$0.2090|2500|$0.2010|
TSW-102-08-G-S-RA|Samtec Inc|500|1|$0.1600|25|$0.1570|100|$0.1530|500|$0.1500|1000|$0.1470|5000|$0.1440|12500|$0.1280|25000|$0.1110|
S2EB-12V|Panasonic Electronic Components|656|1|$15.9500|10|$13.8300|25|$13.2100|50|$11.9900|100|$11.0600|250|$10.4600|500|$10.3500|
1-1659254-0|TE Connectivity Ltd|6400|1|$0.0520|8000|$0.0499
132142|Amphenol RF|55|1|$6.1900|25|$5.8800|100|$5.5900|250|$5.3000|500|$4.6900|1000|$4.0800|
1321422CH|Marathon Special Products|3|5|$11.5800|10|$11.0000|24|$10.1900
ELK-E103FA|Panasonic Electronic Components|42105|500|$0.3090|1000|$0.2810|1500|$0.2570|2000|$0.1900|4000|$0.1830|
ELL-6UH220M|Panasonic Electronic Components|990|250|$0.3790|500|$0.3450|750|$0.3160|1000|$0.2330|2000|$0.2250|
ELL-CTV100M|Panasonic Electronic Components|552|100|$1.1500|200|$1.0300|300|$0.9400|400|$0.8600|500|$0.7000|1000|$0.6600|
ERJ-U03J101V|Panasonic Electronic Components|45000|5000|$0.0115|10000|$0.0105|20000|$0.0090|40000|$0.0084|
ERA-3AEB102V|Panasonic Electronic Components|19540|1000|$0.0633|2000|$0.0570|3000|$0.0518|4000|$0.0475|5000|$0.0352|10000|$0.0338|
ERA-3AEB132V|Panasonic Electronic Components|14425|1000|$0.0633|2000|$0.0570|3000|$0.0518|4000|$0.0475|5000|$0.0352|10000|$0.0338|
ERA-3AEB3832V|Panasonic Electronic Components|9850|1000|$0.0633|2000|$0.0570|3000|$0.0518|4000|$0.0475|5000|$0.0352|10000|$0.0338|
AQY212GH|Panasonic Electronic Components|14|1|$3.8100|25|$3.4000|100|$3.0600|250|$3.0000|500|$2.9400|
AQY212GHAX|Panasonic Electronic Components|1000|1|$3.6400|25|$3.5900|100|$3.5300|500|$3.4800|1000|$2.5800|
AQY212GHA|Panasonic Electronic Components|900|1|$3.4800|25|$3.3100|100|$3.1400|500|$2.9900|1000|$2.3300|
2-966658-3|TE Connectivity Ltd|1152|1|$0.9000|50|$0.8100|100|$0.7700|150|$0.7300|288|$0.6700|500|$0.5500|1000|$0.4820|2500|$0.4470|
73304-111LF|Amphenol ICC|3450|1|$1.4800|25|$1.2100|50|$0.9800|100|$0.9300|250|$0.9000|690|$0.8700|1000|$0.8500|
71918-210LF|Amphenol ICC|1040|1|$2.0700|50|$1.0400|100|$0.9200|250|$0.7500|900|$0.6200|1000|$0.5800|2500|$0.5500|
ERJ-8RQFR56V|Panasonic Electronic Components|6173|1000|$0.0600|2000|$0.0570|3000|$0.0520|4000|$0.0473|5000|$0.0383|10000|$0.0364|
20SVPF560M|Panasonic Electronic Components|672|100|$1.0900|200|$0.9900|300|$0.9100|400|$0.6800|800|$0.6500|
25SVPF330M|Panasonic Electronic Components|150|100|$1.0900|200|$0.9900|300|$0.9100|400|$0.6800|800|$0.6500|
2R5TPE470MC|Panasonic Electronic Components|2800|500|$0.9000|1000|$0.8200|1500|$0.7500|3000|$0.5500|6000|$0.5300|
35SVPF120M|Panasonic Electronic Components|2047|100|$1.0900|200|$0.9900|300|$0.9100|400|$0.6800|800|$0.6500|
6TPH100MAEA|Panasonic Electronic Components|1500|500|$0.4730|1000|$0.4300|1500|$0.3940|3000|$0.3190|6000|$0.3030|
AGN200A03Z|Panasonic Electronic Components|4500|1|$4.1800|25|$3.0700|50|$2.8600|100|$2.5100|250|$2.2600|500|$1.1700|1000|$1.0400|
ELL-6SH6R8M|Panasonic Electronic Components|750|250|$0.5310|500|$0.4820|750|$0.4420|1000|$0.3270|2000|$0.3150|
10044078-B050LF|Amphenol ICC|620|1|$5.7900|25|$5.5000|100|$5.2200|310|$4.9600|620|$3.0500|930|$2.4200|1240|$2.3700|
34130|Wiha Quality Tools|1|1|$10.5300|25|$9.7200|100|$9.0300|250|$8.4300|500|$8.1000|
34130|TE Connectivity Ltd|24895|1|$0.0760|250|$0.0710|500|$0.0690|1000|$0.0670|2000|$0.0650|5000|$0.0610|10000|$0.0590|25000|$0.0570|
3413.0008.11|Schurter Electronic Components|309|1|$0.3910|10|$0.3710|25|$0.3530|50|$0.3350|100|$0.3180|200|$0.3030|
3413.0213.22|Schurter Electronic Components|1052|1|$0.3380|25|$0.3210|100|$0.3050|500|$0.2900|1000|$0.2750|2000|$0.2620|
209-3-1REC5-63-4-1-30|Airpax|5|1|$178.8500|3|$167.5300|5|$125.1900|10|$119.4300|25|$80.8900|50|$75.1300|100|$67.4100|250|$55.8900|
3413.0220.22|Schurter Electronic Components|1000|1|$0.3380|25|$0.3210|100|$0.3050|500|$0.2900|1000|$0.2750|2000|$0.2620|
34.130.0047.0|Wieland Electric GmbH|31|1|$0.9300|25|$0.8500|100|$0.6300|250|$0.5900|500|$0.5600|
3413.0119.22|Schurter Electronic Components|793|1|$0.3020|25|$0.2860|100|$0.2720|500|$0.2590|1000|$0.2460|2000|$0.2330|
3413.0326.22|Schurter Electronic Components|2000|1|$0.2630|25|$0.2500|100|$0.2380|500|$0.2260|1000|$0.2150|2000|$0.2040|
3413.0329.22|Schurter Electronic Components|642|1|$0.2630|25|$0.2500|100|$0.2380|500|$0.2260|1000|$0.2150|2000|$0.2040|
3413.0219.22|Schurter Electronic Components|850|1|$0.3380|25|$0.3210|100|$0.3050|500|$0.2900|1000|$0.2750|2000|$0.2620|
09-3413-09-03|Franz Binder GmbH & Co|20|1|$3.4100|25|$3.1000|100|$2.8400
73413-0070|Molex|316|17|$3.0700|25|$2.9200|100|$2.7700|1000|$2.6300|3200|$2.5000|5000|$2.2700|10000|$2.0600|
3413.0327.22|Schurter Electronic Components|595|1|$0.2630|25|$0.2500|100|$0.2380|500|$0.2260|1000|$0.2150|2000|$0.2040|
3413.0117.22|Schurter Electronic Components|1850|1|$0.3020|25|$0.2860|100|$0.2720|500|$0.2590|1000|$0.2460|2000|$0.2330|
61134-3|TE Connectivity Ltd|1859|1|$0.1300|1000|$0.1110|4000|$0.1000|7000|$0.0900|13000|$0.0850|25000|$0.0810|50000|$0.0750|250000|$0.0630|
026-1134-300|Dialight|29|3|$11.2200|27|$10.2800|53|$9.4900|105|$9.2700|210|$8.8100|
171826-2|TE Connectivity Ltd|3288|1|$0.2524|1000|$0.2142|2000|$0.1926|3000|$0.1741|5000|$0.1648|10000|$0.1566|20000|$0.1442|25000|$0.1246|
EEE-HB1C100R|Panasonic Electronic Components|15680|2000|$0.0510|4000|$0.0473|8000|$0.0444|16000|$0.0433|
EEE-HBJ101UAR|Panasonic Electronic Components|1000|1000|$0.0750|2000|$0.0700|4000|$0.0660|8000|$0.0640|
EEE-TG1J100P|Panasonic Electronic Components|2000|250|$0.3090|500|$0.2810|750|$0.2580|1000|$0.1900|2000|$0.1840|
3364W-1-203E|Bourns Inc|43|1|$0.3200|25|$0.2910|100|$0.2670|250|$0.2460|500|$0.2290|1000|$0.2130|2000|$0.2050|
42142-1|TE Connectivity Ltd|24036|3000|$0.0740|6000|$0.0700|9000|$0.0680|12000|$0.0520|24000|$0.0498|
342142-1|TE Connectivity Ltd|1|1|$0.2434|100|$0.2309|500|$0.2194|1000|$0.2080|5000|$0.1976|10000|$0.1217|15000|$0.0967|20000|$0.0946|
ERA-3AEB1071V|Panasonic Electronic Components|10000|1000|$0.0633|2000|$0.0570|3000|$0.0518|4000|$0.0475|5000|$0.0352|10000|$0.0338|
ERA-3YEB102V|Panasonic Electronic Components|10000|1000|$0.1310|2000|$0.1180|3000|$0.1070|4000|$0.0980|5000|$0.0730|10000|$0.0700|
ESE-13H01D|Panasonic Electronic Components|13190|1000|$0.6180|2000|$0.5871|3000|$0.5356|4000|$0.4882|5000|$0.3945|10000|$0.3749|
ESE-22MH24|Panasonic Electronic Components|1885|1000|$0.4069|2000|$0.3698|3000|$0.3389|4000|$0.2750|8000|$0.2606|
ERJ-8GEYJ470V|Panasonic Electronic Components|189065|5000|$0.0075|10000|$0.0068|20000|$0.0059|40000|$0.0055|
ERJ-2RKF4531X|Panasonic Electronic Components|78270|10000|$0.0058|20000|$0.0054|40000|$0.0045|80000|$0.0042|
ERJ-2RKF63R4X|Panasonic Electronic Components|89960|10000|$0.0058|20000|$0.0054|40000|$0.0045|80000|$0.0042|
KSS341GLFS|C&K Components|47130|3000|$0.3640|6000|$0.3400|12000|$0.3250|24000|$0.3090|
D38999/20WD97SN|TE Connectivity Ltd|62|1|$38.4500|50|$36.0500|100|$28.8400|200|$23.7900|350|$21.6300|500|$20.1900|700|$19.4600|
92315-1811|Molex|281|33|$1.7200|66|$1.6300|132|$1.5500
42437-2|TE Connectivity Ltd|6000|1|$0.1280|100|$0.1210|500|$0.1150|1000|$0.1090|4000|$0.1040|8000|$0.0780|12000|$0.0730|16000|$0.0710|
1.30.242.437/2200|RAFI GmbH & Co Kg|14|1|$24.7400|5|$23.5000|10|$22.3300|25|$21.2100|100|$20.1500|500|$19.1400|1000|$16.9400|
42486-1|TE Connectivity Ltd|1200|1|$0.0920|100|$0.0870|500|$0.0830|1000|$0.0790|6000|$0.0750|12000|$0.0560|18000|$0.0520|24000|$0.0510|
42490-3|TE Connectivity Ltd|17362|1000|$0.0790|2000|$0.0770|3000|$0.0720|4000|$0.0700|5000|$0.0540|20000|$0.0520|100000|$0.0431|500000|$0.0394|
42751-2|TE Connectivity Ltd|12920|1000|$0.1400|2000|$0.1350|3000|$0.1290|4000|$0.1090|8000|$0.1040|25000|$0.0910|50000|$0.0820|100000|$0.0730|
59975-1|TE Connectivity Ltd|2|1|$5,596.2700|3|$5,316.4600|5|$5,050.6300
3361P-1-503GLF|Bourns Inc|1050|150|$0.5750|300|$0.5460|600|$0.5190|750|$0.4930|1500|$0.4680|
485024002660003|Honeywell Sensing and Control|4|25|$32.4200|50|$19.9500|75|$15.8000|100|$15.4800|
1551573-5|TE Connectivity Ltd|5400|1350|$0.1421|2700|$0.1360|4050|$0.1308|5400|$0.1051|43200|$0.0876|50000|$0.0783|
ERJ-P08J331V|Panasonic Electronic Components|8138|5000|$0.0149|10000|$0.0139|20000|$0.0130|40000|$0.0127|
5-102618-1|TE Connectivity Ltd|970|1|$1.2100|250|$1.0900|464|$0.9800|928|$0.9300|1856|$0.8900|3248|$0.8200|5000|$0.7100|10000|$0.6200|
3-640442-2|TE Connectivity Ltd|19249|1|$0.0834|500|$0.0752|1000|$0.0680|1500|$0.0639|2500|$0.0608|5000|$0.0556|10000|$0.0546|25000|$0.0451|
3-641215-2|TE Connectivity Ltd|16013|1|$0.3420|400|$0.3080|750|$0.2771|1500|$0.2627|2500|$0.2503|5000|$0.2297|10000|$0.2225|25000|$0.1854|
CTX25-4A-R|Coiltronics|280|1|$3.1200|25|$2.9700|100|$2.8200|500|$2.6800|600|$2.5400|1000|$2.4200|5000|$2.2900|15000|$1.8400|
DR125-220-R|Coiltronics|9717|1|$0.9200|25|$0.8800|100|$0.8300|500|$0.7900|600|$0.7500|1000|$0.7200|5000|$0.6800|15000|$0.5000|
KR-5R5H474-R|Cooper Bussmann PowerStor|1640|1|$4.8000|25|$3.9300|50|$3.1800|100|$3.0400|250|$2.9200|500|$2.8400|1000|$2.7700|
AMK107BBJ226MAHT|TAIYO YUDEN|4000|500|$0.2400|1000|$0.2280|2500|$0.2160|4000|$0.2040|8000|$0.1200|
SDR0403-4R7ML|Bourns Inc|4500|500|$0.1920|1000|$0.1820|2000|$0.1730|4000|$0.1650|
8601.2000|Schurter Electronic Components|240|1|$1.3600|25|$1.1200|50|$0.9000|100|$0.8600|250|$0.8300|500|$0.8100|1000|$0.7900|
DR73-100-R|Coiltronics|2677|1|$0.8500|25|$0.8100|100|$0.7700|500|$0.7300|1000|$0.7000|1350|$0.6600|5000|$0.6300|15000|$0.4620|
DR73-4R7-R|Coiltronics|3842|1|$0.8500|25|$0.8100|100|$0.7700|500|$0.7300|1000|$0.7000|1350|$0.6600|5000|$0.6300|15000|$0.4620|
281699-4|TE Connectivity Ltd|2000|1|$0.8858|25|$0.8446|100|$0.8034|500|$0.7622|1000|$0.5665|1500|$0.5356|2000|$0.5253|
AP117-1-62F-203|Airpax|2|1|$998.3800|3|$935.1900|5|$334.4600|10|$313.2900|50|$266.5800|
AP117-1-62-153|Airpax|1|1|$956.4200|3|$895.8900|5|$320.4100|10|$300.1300|50|$255.3200|
AP117-1-62-501|Airpax|3|1|$996.1500|3|$933.1000|5|$333.7200|10|$312.5900|50|$265.9500|
U7711408020P|Amphenol Commercial|928|1|$1.0600|25|$0.9000|50|$0.9000|100|$0.6700|500|$0.6100|1000|$0.5200|5000|$0.4800|
U77A16392001|Amphenol Commercial|82|1|$1.4000|25|$1.2900|100|$1.2200|500|$1.2000|1000|$1.1300|5000|$1.0800|10000|$1.0300|25000|$0.9900|
B0810-2R5105-R|Cooper Bussmann PowerStor|4999|1|$1.7800|25|$1.6900|100|$1.6000|500|$0.8300|1000|$0.6700|3000|$0.5100|5000|$0.4870|10000|$0.4360|
V-10-1A5|OMRON Electronic Components LLC|100|1|$2.3900|25|$2.2700|100|$2.1600|500|$2.0500|1000|$1.9500|2000|$1.4700|
MCP6002T-I/MS|Microchip Technology Inc|1500|197|$0.5100|250|$0.4000|500|$0.2650|750|$0.2540|1000|$0.2400|2500|$0.2310|
ERJ-2RKF1403X|Panasonic Electronic Components|89700|10000|$0.0058|20000|$0.0054|40000|$0.0045|80000|$0.0042|
ERJ-2RKF1541X|Panasonic Electronic Components|99900|10000|$0.0058|20000|$0.0054|40000|$0.0045|80000|$0.0042|
ERJ-2RKF1622X|Panasonic Electronic Components|19750|10000|$0.0058|20000|$0.0054|40000|$0.0045|80000|$0.0042|
ERJ-2RKF1742X|Panasonic Electronic Components|89860|10000|$0.0058|20000|$0.0054|40000|$0.0045|80000|$0.0042|
ERJ-2RKF1820X|Panasonic Electronic Components|10000|10000|$0.0058|20000|$0.0054|40000|$0.0045|80000|$0.0042|
ERJ-2RKF2051X|Panasonic Electronic Components|29900|10000|$0.0058|20000|$0.0054|40000|$0.0045|80000|$0.0042|
2-32053-1|TE Connectivity Ltd|22650|1|$0.3100|750|$0.2630|1500|$0.2370|2500|$0.2130|5000|$0.2020|10000|$0.1920|15000|$0.1770|25000|$0.1630|
2-36158-1|TE Connectivity Ltd|6690|1|$0.1660|400|$0.1490|750|$0.1340|1500|$0.1280|2500|$0.1210|5000|$0.1120|10000|$0.1060|25000|$0.0980|
RJHSE-5381A8|Amphenol Commercial|64|1|$1.4500|25|$1.3700|100|$1.3100|360|$1.2400|720|$0.9270|1080|$0.8652|1440|$0.8446|
RJHSE5381A1|Amphenol Commercial|1440|1|$7.6000|25|$7.2200|100|$6.8600|120|$6.5200|240|$4.0200|360|$3.1700|480|$3.1200|
RJHSE538104|Amphenol Commercial|1405|1|$1.7700|25|$1.5500|50|$1.2400|100|$0.9064|500|$0.8652|1000|$0.8343|1440|$0.7931|
RJHSE5381|Amphenol Commercial|5282|1|$4.2200|25|$4.0200|92|$3.8200|184|$2.8600|276|$2.6700|368|$2.6200|
RJHSE538103|Amphenol Commercial|524|1|$12.4700|32|$11.8500|64|$8.8600|96|$8.3400|128|$8.1400|
RJHSE538108|Amphenol Commercial|82|1|$3.3400|25|$3.1600|100|$3.0100|112|$2.8500|224|$2.1500|336|$2.0000|448|$1.9600|
U77A16182001|Amphenol Commercial|985|1|$1.2800|25|$1.2100|100|$1.1500|500|$1.1000|1000|$1.0800|5000|$1.0200|10000|$0.9700|25000|$0.9300|
UE76A203000T|Amphenol Commercial|337|1|$0.6700|25|$0.6400|100|$0.6000|500|$0.5700|1000|$0.5600|5000|$0.5300|10000|$0.5200|25000|$0.4900|
1375820-3|TE Connectivity Ltd|23119|1|$0.0800|100|$0.0740|250|$0.0620|1000|$0.0600|2500|$0.0580|5000|$0.0560|10000|$0.0540|15000|$0.0520|
1-1375820-3|TE Connectivity Ltd|115|1|$0.3963|400|$0.3567|750|$0.3203|1500|$0.3043|3000|$0.2892|5500|$0.2668|10000|$0.2432|25000|$0.2260|
1375820-7|TE Connectivity Ltd|10680|1|$0.1990|500|$0.1790|1000|$0.1610|2000|$0.1530|3500|$0.1460|6500|$0.1340|10000|$0.1220|25000|$0.1130|
1-1375820-7|TE Connectivity Ltd|500|1|$0.8500|100|$0.8000|500|$0.7600|1000|$0.7300|1250|$0.6900|2500|$0.4240|3750|$0.3360|5000|$0.3290|
ERJ-1GEJ200C|Panasonic Electronic Components|30000|15000|$0.0031|30000|$0.0028|60000|$0.0024|120000|$0.0023|
1-5209250-5|TE Connectivity Ltd|2|1|$39.9800|5|$37.9800|10|$36.0900|200|$34.9500|
43202-6105|Molex|89|58|$0.8700|75|$0.8200|100|$0.7800|500|$0.7400|1000|$0.7100|2000|$0.6800|2500|$0.6200|5000|$0.5600|
ATMEGA32U2-MU|Microchip Technology Inc|490|7|$4.1100|25|$3.3600|50|$2.7200|100|$2.6100|250|$2.5000|490|$2.4300|1000|$2.3700|
ATMEGA8-16AUR|Microchip Technology Inc|2000|30|$3.4000|50|$2.1700|100|$2.1300|250|$2.0800|500|$2.0400|1000|$2.0000|2000|$1.9600|
36153|TE Connectivity Ltd|11048|1|$0.1320|25|$0.1290|100|$0.1240|500|$0.1160|1000|$0.1080|2500|$0.1060|5000|$0.1020|10000|$0.1000|
507-3836-1531-600F|Dialight|19|5|$5.5600|10|$5.0200|25|$4.7700|100|$4.4000|165|$4.0900|170|$3.8100|175|$3.6700|
2-36153-5|TE Connectivity Ltd|11721|1|$0.4730|500|$0.4020|1000|$0.3620|2000|$0.3260|3000|$0.3090|5000|$0.2940|10000|$0.2700|25000|$0.2490|
2-36153-3|TE Connectivity Ltd|1575|1|$0.4420|500|$0.3765|1000|$0.3380|2000|$0.3047|3000|$0.2891|5000|$0.2746|10000|$0.2527|25000|$0.2330|
507-3836-1533-600F|Dialight|61|9|$2.7800|25|$2.2600|50|$2.1500|100|$1.9800|390|$1.8400|395|$1.7200|410|$1.6500|
6-36153-1|TE Connectivity Ltd|4995|1|$0.3710|100|$0.3340|200|$0.3010|300|$0.2860|500|$0.2710|1000|$0.2500|5000|$0.2320|10000|$0.2210|
2-36153-2|TE Connectivity Ltd|8733|1250|$0.1550|2500|$0.1480|3750|$0.1420|5000|$0.1200|15000|$0.1140|25000|$0.1050|50000|$0.0990|100000|$0.0960|
2-36153-4|TE Connectivity Ltd|8237|1|$0.4730|500|$0.4020|1000|$0.3620|2000|$0.3260|3000|$0.3090|5000|$0.2940|10000|$0.2700|25000|$0.2490|
MS25036-153|Concord Electronics Inc|9296|50|$0.5600|100|$0.5400|250|$0.5000|500|$0.3200|1000|$0.2700|2500|$0.2200|5000|$0.2100|10000|$0.1800|
PR11-4-2.50A-36153-1-V|Airpax|14|1|$17.1000|3|$16.0100|5|$14.6600|25|$12.9700|50|$12.5900|100|$12.3900|250|$12.0800|500|$11.6900|
293615-3|TE Connectivity Ltd|50|1|$0.9256|65|$0.8320|125|$0.7488|250|$0.7176|500|$0.6760|1000|$0.6448|5000|$0.6136|
7-36153-1|TE Connectivity Ltd|900|1|$1.1600|15|$1.0500|25|$1.0000|50|$0.9500|100|$0.7200|500|$0.5700|1000|$0.4160|5000|$0.3870|
ERA-8AEB121V|Panasonic Electronic Components|5000|1000|$0.2310|2000|$0.2080|3000|$0.1890|4000|$0.1730|5000|$0.1270|10000|$0.1220|
ERB-RD1R00X|Panasonic Electronic Components|10000|2000|$0.1780|4000|$0.1600|6000|$0.1450|8000|$0.1330|10000|$0.1080|20000|$0.1030|
ERB-RG0R50V|Panasonic Electronic Components|4891|1000|$0.3700|2000|$0.3330|3000|$0.3020|4000|$0.2770|5000|$0.2220|10000|$0.2080|
ECW-U2104JC9|Panasonic Electronic Components|630|22|$1.1500|25|$0.9400|50|$0.7600|100|$0.7300|500|$0.7000|1000|$0.6800|1500|$0.6700|
5-925369-0|TE Connectivity Ltd|40|1|$4.2300|25|$4.0100|100|$3.8200|200|$3.6300|400|$2.2400|600|$1.7700|800|$1.7300|
TN5325K1-G|Microchip Technology Inc|1729|186|$0.5400|250|$0.4000|500|$0.2790|750|$0.2680|1000|$0.2530|3000|$0.2440|
AT80C51RD2-SLSUM|Microchip Technology Inc|567|13|$2.0000|50|$1.3200|100|$1.2700|250|$1.2200|567|$1.1800|1000|$1.1500|
ERJ-8ENF5111V|Panasonic Electronic Components|49145|5000|$0.0113|10000|$0.0103|20000|$0.0089|40000|$0.0083|
ERJ-8GEYJ223V|Panasonic Electronic Components|9800|5000|$0.0075|10000|$0.0068|20000|$0.0059|40000|$0.0055|
ERJ-M1WSF5M0U|Panasonic Electronic Components|2544|500|$0.2360|1000|$0.2120|1500|$0.1930|2000|$0.1770|3000|$0.1430|6000|$0.1360|
ERA-3AEB1783V|Panasonic Electronic Components|5000|1000|$0.0633|2000|$0.0570|3000|$0.0518|4000|$0.0475|5000|$0.0352|10000|$0.0338|
ERA-3AEB244V|Panasonic Electronic Components|8572|1000|$0.0633|2000|$0.0570|3000|$0.0518|4000|$0.0475|5000|$0.0352|10000|$0.0338|
PTS181224V150|Eaton Bussmann|245|200|$0.1740|250|$0.1650|400|$0.1570|500|$0.1490|1000|$0.1420|5000|$0.1350|10000|$0.0770|
TR/0603FA1.5-R|Eaton Bussmann|9875|1|$0.7700|25|$0.7300|100|$0.6900|1000|$0.6600|1250|$0.6200|2500|$0.3840|3750|$0.3040|5000|$0.2980|
DK-621-0411-S|TE Connectivity Ltd|18|1|$97.4100|5|$92.5400|10|$85.1500|50|$59.6100|100|$51.0900|250|$46.8300|500|$42.5800|
DK-621-0411-SCS1862|TE Connectivity Ltd|15|1|$133.0500|3|$126.3900|5|$113.7600|8|$99.5400|10|$97.5400|
EEE-FK0J470R|Panasonic Electronic Components|6000|1000|$0.0810|2000|$0.0750|4000|$0.0710|8000|$0.0690|
RMCF1206FT332R|SEI Stackpole Electronics Inc|45000|5000|$0.0040|10000|$0.0037|20000|$0.0031|40000|$0.0029|
242163|Amphenol RF|122|1|$11.9900|10|$11.6100|25|$8.2900|50|$7.6300|100|$7.5300|250|$7.4600|500|$7.3900|
183024-1|TE Connectivity Ltd|13|1|$0.3930|25|$0.3850|100|$0.2840|250|$0.2090|500|$0.2050|1000|$0.1620|2500|$0.1340|
1841-1-5616|TE Connectivity Ltd|957|1|$1.9500|25|$1.8500|50|$1.7400|100|$1.4800|250|$1.4500|500|$1.3900|1000|$1.3800|
1841-1-5620|TE Connectivity Ltd|7971|1|$0.9300|400|$0.8400|750|$0.7500|1500|$0.7200|2500|$0.6800|5000|$0.6500|10000|$0.5800|25000|$0.5600|
LM2575-5.0WU|Microchip Technology Inc|250|15|$1.7600|100|$1.1100|350|$1.0700|500|$1.0400|1000|$1.0100|
ERJ-6GEYJ163V|Panasonic Electronic Components|105000|5000|$0.0078|10000|$0.0072|20000|$0.0062|40000|$0.0058|
ERJ-XGNJ100Y|Panasonic Electronic Components|20000|4000|$0.0560|8000|$0.0500|12000|$0.0458|16000|$0.0420|20000|$0.0340|40000|$0.0323|
ERG-1SJ511V|Panasonic Electronic Components|3995|307|$0.0820|500|$0.0408|1000|$0.0296|2000|$0.0272|5000|$0.0251|10000|$0.0233|
ERG-1SJ511|Panasonic Electronic Components|3612|240|$0.1050|250|$0.0700|500|$0.0520|1000|$0.0380|2500|$0.0348|5000|$0.0322|10000|$0.0299|
ERG-2SJ100V|Panasonic Electronic Components|6000|177|$0.1420|250|$0.0950|500|$0.0710|1000|$0.0520|2500|$0.0473|5000|$0.0437|10000|$0.0406|
174514-6|TE Connectivity Ltd|1012|1|$1.0000|100|$0.9000|200|$0.8600|400|$0.8100|800|$0.7500|25000|$0.7100|50000|$0.6600|100000|$0.6200|
1-521799-0|TE Connectivity Ltd|275|1|$2.5200|100|$2.3900|500|$2.2700|1000|$2.1600|2250|$2.0500|4500|$1.0800|6750|$0.7400|9000|$0.7300|
390088-2|TE Connectivity Ltd|20502|1|$0.4590|25|$0.1590|100|$0.1560|250|$0.1430|750|$0.1370|1500|$0.1280|5000|$0.1230|10000|$0.1200|
PT02E-14-18P|Amphenol Industrial Operations|83|1|$14.3300|10|$14.0400|25|$13.7600|50|$13.4600|100|$12.6900|
RJHSE5480|Amphenol Commercial|16390|1|$1.1400|25|$1.0900|100|$1.0300|360|$0.9785|720|$0.7416|1080|$0.6901|1440|$0.6695|
0031.8211.G|Schurter Electronic Components|18|1|$0.5200|1000|$0.4920|1250|$0.4460
ECA-1HHG471B|Panasonic Electronic Components|1040|60|$0.4230|100|$0.2960|250|$0.2180|500|$0.2090|1000|$0.1980|2500|$0.1900|
5413558-1|TE Connectivity Ltd|2831|1|$6.5600|28|$5.9100|140|$5.6100|280|$5.3300|560|$4.9000|1000|$4.2100|2500|$3.7400|5000|$3.1100|
1-1658621-0|TE Connectivity Ltd|669|1|$1.5000|50|$1.4800|100|$1.4600|600|$1.4400|1200|$1.4200|5000|$1.3800|10000|$1.3500|
626064|TE Connectivity Ltd|6343|1|$0.3210|100|$0.3050|500|$0.2900|1000|$0.2750|2500|$0.2620|5000|$0.1610|7500|$0.1270|10000|$0.1250|
626-0644|TE Connectivity Ltd|159|1|$890.6600|3|$846.1300|5|$803.8200
6274096-1|TE Connectivity Ltd|24|1|$20.5900|10|$18.5300|24|$17.6000|48|$16.7200|72|$15.8900|100|$12.7100|1000|$10.0100|1080|$9.7000|
25LC640A-I/ST|Microchip Technology Inc|600|40|$0.6300|200|$0.5500|250|$0.4400|500|$0.3240|600|$0.3100|1000|$0.2930|2500|$0.2820|
EXB-28V332JX|Panasonic Electronic Components|9750|10000|$0.0079|20000|$0.0073|40000|$0.0069|80000|$0.0067|
EXB-2HV100JV|Panasonic Electronic Components|63894|1000|$0.0478|2000|$0.0430|3000|$0.0391|4000|$0.0358|5000|$0.0291|10000|$0.0279|
EXB-2HV332JV|Panasonic Electronic Components|4500|1000|$0.0478|2000|$0.0430|3000|$0.0391|4000|$0.0358|5000|$0.0291|10000|$0.0279|
EEC-RF0H105N|Panasonic Electronic Components|3|3|$8.5800|10|$8.1500|25|$7.7500|50|$7.3600|100|$6.9900|200|$6.6400|
EEC-RG0V155HN|Panasonic Electronic Components|307|5|$5.7100|25|$5.4300|50|$5.1600|100|$4.9000|200|$4.6500|
ERJ-2RKF1302X|Panasonic Electronic Components|57490|10000|$0.0058|20000|$0.0054|40000|$0.0045|80000|$0.0042|
901-144|Amphenol RF|521|1|$10.9200|10|$10.1600|25|$8.2200|50|$8.0100|100|$7.6600|250|$6.9600|500|$6.8200|
901-144-4|Amphenol RF|474|1|$19.6500|5|$19.4600|10|$15.4400|25|$14.7100|50|$14.4400|100|$14.1400|250|$14.0000|
901-144-8RFX|Amphenol RF|779|1|$4.7900|25|$4.2800|50|$2.8300|100|$2.8100|250|$2.7800|500|$2.7500|1000|$2.7300|
UE27AC54100|Amphenol Commercial|13210|1|$0.5871|25|$0.5562|100|$0.5253|1000|$0.5047|1500|$0.4810|3000|$0.2956|4500|$0.2338|6000|$0.2266|
60800123|Schroff/Pentair Electronic Packaging|1060|1|$2.0600
173630-6|TE Connectivity Ltd|16108|1|$0.3680|100|$0.3500|250|$0.1740|500|$0.1550|1000|$0.1270|2500|$0.1040|5000|$0.0970|16000|$0.0900|
173631-6|TE Connectivity Ltd|52790|1000|$0.1500|2000|$0.0930|4000|$0.0900|8000|$0.0890|12000|$0.0870|16000|$0.0850|
173645-2|TE Connectivity Ltd|97880|1|$0.1510|25|$0.1360|100|$0.1240|500|$0.1140|1000|$0.1050|10000|$0.0970|12000|$0.0910|24000|$0.0870|
173864-1|TE Connectivity Ltd|9|1|$14.8800|25|$14.1400|100|$13.4300|750|$12.7600|1500|$6.5200|2250|$4.4400|3000|$4.3500|
FCE17E09PA410|Amphenol Commercial|840|1|$12.8200|10|$11.6600|25|$9.4300|60|$9.0300|100|$8.6700|250|$8.4500|500|$8.2200|
RJHSE5384|Amphenol Commercial|8745|1|$1.7700|25|$1.5500|50|$1.2400|100|$0.9064|500|$0.8652|1000|$0.8343|1440|$0.7931|
RJHSE538408|Amphenol Commercial|943|1|$12.4700|32|$11.8500|64|$8.8600|96|$8.3400|128|$8.1400|
RJHSE538402|Amphenol Commercial|9210|1|$3.3400|25|$3.1600|100|$3.0100|112|$2.8500|224|$2.1500|336|$2.0000|448|$1.9600|
RJHSE538404|Amphenol Commercial|107|1|$7.6000|25|$7.2200|100|$6.8600|120|$6.5200|240|$4.0200|360|$3.1700|480|$3.1200|
SDR1005-151KL|Bourns Inc|1220|150|$0.3800|300|$0.3450|450|$0.3170|600|$0.2660|1200|$0.2530|2400|$0.2410|
SDR1005-471KL|Bourns Inc|1750|150|$0.3800|300|$0.3450|450|$0.3170|600|$0.2660|1200|$0.2530|2400|$0.2410|
SDR1005-6R8ML|Bourns Inc|1075|150|$0.3800|300|$0.3450|450|$0.3170|600|$0.2660|1200|$0.2530|2400|$0.2410|
SDR1006-151KL|Bourns Inc|594|200|$0.3110|400|$0.2950|600|$0.2810|800|$0.2660|1600|$0.2530|
SDR1806-102KL|Bourns Inc|1250|250|$0.4290|500|$0.4000|1000|$0.3750|2000|$0.3660|
SF-1206F100-2|Bourns Inc|6000|500|$0.2990|1000|$0.2840|2500|$0.2700|5000|$0.2560|10000|$0.2440|
SF-1206S050-2|Bourns Inc|6565|500|$0.3150|1000|$0.2990|2500|$0.2840|5000|$0.2700|10000|$0.2560|
SF-1206S150-2|Bourns Inc|3390|500|$0.3150|1000|$0.2990|2500|$0.2840|5000|$0.2700|10000|$0.2560|
SM51108PEL|Bourns Inc|937|100|$0.9800|200|$0.9300|300|$0.8900|600|$0.8400|1200|$0.8000|3600|$0.7600|
EEE-FPA221XAP|Panasonic Electronic Components|3459|150|$0.2380|300|$0.2160|600|$0.1980|900|$0.1460|1800|$0.1410|
34071|TE Connectivity Ltd|5345|1|$0.1420|25|$0.1330|100|$0.1120|250|$0.1060|500|$0.1040|1000|$0.1010|5000|$0.0870|10000|$0.0830|
8-34071-1|TE Connectivity Ltd|8380|1|$0.4460|100|$0.4020|200|$0.3620|300|$0.3440|500|$0.3260|1000|$0.3000|5000|$0.2710|10000|$0.2580|
445340710|OMRON Scientific Technologies Inc|9|1|$15.8600|10|$14.4200|25|$11.6600|50|$11.1700|100|$10.7200|250|$10.4400|500|$10.1700|
53407-1|TE Connectivity Ltd|14561|1|$0.4560|500|$0.3880|1000|$0.3490|2000|$0.3140|3000|$0.2980|5000|$0.2830|10000|$0.2610|25000|$0.2400|
583407-1|TE Connectivity Ltd|24|1|$23.2200|25|$22.0600|78|$20.9600|156|$12.9000|234|$10.2100|312|$10.0000|
2213407-1|TE Connectivity Ltd|1440|1|$1.5800|20|$1.4200|180|$1.3500|360|$1.2900|700|$1.1800|5000|$1.0300|10000|$0.9200|25000|$0.8600|
643407-1|TE Connectivity Ltd|1361|1|$1.3700|100|$1.2300|300|$1.1100|500|$1.0500|1000|$0.9991|2000|$0.9167|250000|$0.8652|
2-34071-1|TE Connectivity Ltd|9594|500|$0.2220|1000|$0.2110|1500|$0.2040|2000|$0.1950|2500|$0.1630|7500|$0.1360|10000|$0.1320|25000|$0.1210|
445340711|OMRON Scientific Technologies Inc|10|1|$17.4500|10|$15.8600|25|$12.8300|50|$12.2900|100|$11.7900|250|$11.4800|500|$11.1800|
8-53407-1|TE Connectivity Ltd|9|1|$0.6864|100|$0.6240|200|$0.5616|300|$0.5304|500|$0.5034|1000|$0.4638|5000|$0.4316|10000|$0.4098|
2-34071-3|TE Connectivity Ltd|5000|1|$0.5800|100|$0.5500|500|$0.5200|1000|$0.4980|1875|$0.4730|3750|$0.2910|5625|$0.2310|7500|$0.2260|
4301.0501|Schurter Electronic Components|1680|1|$5.6000|25|$4.5800|50|$3.7000|100|$3.5500|250|$3.4000|500|$3.3100|1000|$3.2300|
4301.0502|Schurter Electronic Components|22|1|$5.6000|25|$4.5800|50|$3.7000|100|$3.5500|250|$3.4000|500|$3.3100|1000|$3.2300|
6200.4115|Schurter Electronic Components|375|1|$3.0200|25|$2.4700|50|$2.0000|100|$1.9100|250|$1.8400|500|$1.7900|1000|$1.7400|
87180-088LF|Amphenol ICC|2150|1|$1.2700|25|$1.0400|50|$0.8446|100|$0.8034|500|$0.7725|1000|$0.7519|2160|$0.7313|
229969-1|TE Connectivity Ltd|1721|1|$0.3277|900|$0.2946|1800|$0.2656|2700|$0.2528|4500|$0.2400|9000|$0.2281|10000|$0.2014|
0031.7701.11|Schurter Electronic Components|151|1|$0.7100|10|$0.6700|25|$0.6400|50|$0.6100|100|$0.5700|200|$0.5500|
1658671-1|TE Connectivity Ltd|836|1|$1.6800|25|$1.5200|100|$1.4500|400|$1.3500|800|$1.3200|1000|$1.2800|5000|$1.2600|10000|$1.2400|
167292-1|TE Connectivity Ltd|1940|1|$1.2500|50|$1.1200|150|$1.0700|250|$1.0100|500|$0.9300|1000|$0.7400|2500|$0.6500|5000|$0.5900|
ERJ-U03J121V|Panasonic Electronic Components|65000|5000|$0.0115|10000|$0.0105|20000|$0.0090|40000|$0.0084|
501646-1200|Molex|930|184|$0.2730|3000|$0.2670|6000|$0.2580|12000|$0.2530|
501646-1600|Molex|975|156|$0.3210|2800|$0.3130|5600|$0.3030|11200|$0.2960|
179975-1|TE Connectivity Ltd|58200|1000|$0.0917|2000|$0.0865|3000|$0.0834|4000|$0.0649|12000|$0.0618|25000|$0.0556|50000|$0.0496|100000|$0.0448|
180916|TE Connectivity Ltd|13381|1|$0.1450|750|$0.1300|1400|$0.1170|2800|$0.1110|4200|$0.1060|7000|$0.0970|20000|$0.0870|100000|$0.0780|
2-180916-0|TE Connectivity Ltd|621|1|$0.3203|100|$0.3037|500|$0.2891|1000|$0.2746|3000|$0.2610|6000|$0.1602|9000|$0.1269|12000|$0.1248|
180916-1|TE Connectivity Ltd|801|1|$0.3037|100|$0.2891|500|$0.2746|1000|$0.2610|3500|$0.2475|7000|$0.1518|10500|$0.1206|14000|$0.1186|
3-180916-0|TE Connectivity Ltd|917|1|$0.3952|100|$0.3754|500|$0.3567|1000|$0.3390|3500|$0.3224|7000|$0.1986|10500|$0.1570|14000|$0.1539|
180916-5|TE Connectivity Ltd|4328|1|$0.1960|750|$0.1660|1400|$0.1500|2800|$0.1350|4200|$0.1280|7000|$0.1220|14000|$0.1160|20000|$0.1030|
4404.0004|Schurter Electronic Components|115|1|$1.7400|10|$1.6500|25|$1.5700|50|$1.4900|100|$1.4100|200|$1.3400|
4430.2305|Schurter Electronic Components|19|1|$28.1400|5|$25.9700|10|$24.8300|20|$23.7800|50|$22.2100|100|$21.6400|
1N5817|Taitron Components Inc|2267|1|$0.7400|10|$0.5200|25|$0.4300|100|$0.3300|250|$0.2400|500|$0.1570|1000|$0.1180|2500|$0.1000|
1N5817|SynSemi Inc|5042|1|$0.2860|50|$0.2570|100|$0.2290|250|$0.1860|500|$0.1100|1000|$0.0900|
1N5817|Taiwan Semiconductor|13675|1|$0.1330|25|$0.1180|100|$0.1170|500|$0.0830|1000|$0.0670|2500|$0.0400|5000|$0.0300|10000|$0.0300|
1N5817-TR|Taitron Components Inc|3500|1|$1.0500|50|$0.8600|100|$0.6030|250|$0.3910|500|$0.3350|1000|$0.2790|2500|$0.2460|
ERJ-2RKF1693X|Panasonic Electronic Components|89500|10000|$0.0058|20000|$0.0054|40000|$0.0045|80000|$0.0042|
ERJ-2RKF2213X|Panasonic Electronic Components|189500|10000|$0.0058|20000|$0.0054|40000|$0.0045|80000|$0.0042|
1-170823-4|TE Connectivity Ltd|614|1|$0.0749|1000|$0.0634|4000|$0.0572|8000|$0.0517|15000|$0.0491|30000|$0.0466|60000|$0.0443|100000|$0.0414|
1-174953-1|TE Connectivity Ltd|1100|1|$1.1800|25|$1.1200|100|$1.0600|300|$1.0100|600|$0.7600|900|$0.7100|1200|$0.6900|
1-174955-1|TE Connectivity Ltd|364|1|$2.6200|25|$2.4900|100|$2.3700|500|$2.2500|760|$2.1400|1520|$1.3200|2280|$1.0400|3040|$1.0200|
1-175102-1|TE Connectivity Ltd|197919|5000|$0.0295|10000|$0.0279|15000|$0.0269|20000|$0.0198|120000|$0.0165|250000|$0.0150|500000|$0.0134|750000|$0.0126|
ATMEGA328P-PU|Microchip Technology Inc|768|13|$1.9200|25|$1.8900|50|$1.8500|100|$1.8100|378|$1.7800|500|$1.7400|1000|$1.7100|
SKRBAGE010|Alps Electric Co Ltd|5400|1|$0.3152|25|$0.3121|100|$0.2977|500|$0.2019|1000|$0.1978|4500|$0.1638|
SSCM110100|Alps Electric Co Ltd|4090|1|$1.1600|10|$1.1000|20|$1.0500|50|$0.9900|100|$0.8200|500|$0.7400|1000|$0.6600|3000|$0.5800|
554808-1|TE Connectivity Ltd|119|1|$3.5800|100|$3.2200|150|$3.0600|250|$2.9100|500|$2.6800|1000|$2.2500|5000|$1.8600|10000|$1.6500|
16SEPC100MW+S|Panasonic Electronic Components|1400|46|$0.5500|50|$0.4830|100|$0.3860|250|$0.2840|500|$0.2720|1000|$0.2570|1500|$0.2480|
163301-6|TE Connectivity Ltd|3890|500|$0.1080|1000|$0.1040|1500|$0.1000|2500|$0.0960|4500|$0.0850|18000|$0.0810|25000|$0.0770|100000|$0.0550|
2129260-2|TE Connectivity Ltd|1577|1|$5.2400|25|$4.9900|100|$4.7400|300|$4.5000|600|$2.7700|900|$2.1900|1200|$2.1500|
T350G106K035AT|KEMET Corporation|2|60|$0.8400|80|$0.7800|100|$0.5800|125|$0.5600|250|$0.5300|500|$0.5100|
D25S33E4GV00LF|Amphenol ICC|205|1|$2.9000|25|$2.3700|50|$1.9200|100|$1.8400|240|$1.7600|500|$1.7200|1000|$1.6700|
D25S33E4GX00LF|Amphenol ICC|240|1|$1.7100|25|$1.4000|50|$1.1300|100|$1.0800|240|$1.0400|500|$1.0100|1000|$0.9800|
DAP15P065TXLF|Amphenol ICC|1600|1|$5.6000|25|$4.5800|50|$3.7000|100|$3.5500|200|$3.4000|500|$3.3100|1000|$3.2300|
NR10050T220M|TAIYO YUDEN|600|100|$0.4190|200|$0.4000|400|$0.3670|500|$0.3290|1000|$0.3130|5000|$0.2970|10000|$0.2820|20000|$0.2180|
NR6028T4R7M|TAIYO YUDEN|26869|500|$0.1500|1000|$0.1440|1500|$0.1320|2000|$0.1120|4000|$0.1070|10000|$0.1010|20000|$0.0880|
U99C056200T|Amphenol Commercial|50|1|$68.0200|25|$64.6200|100|$61.3900|300|$58.3200|500|$55.4100|1000|$55.1200|5000|$54.5600|10000|$54.0200|
ERJ-U02F2801X|Panasonic Electronic Components|40000|10000|$0.0103|20000|$0.0096|40000|$0.0090|80000|$0.0088|
75867-131LF|Amphenol ICC|730|1|$1.3300|50|$0.6600|100|$0.5900|250|$0.4800|800|$0.4000|1000|$0.3700|2500|$0.3500|
76384-307LF|Amphenol ICC|3960|1|$1.7800|50|$0.8900|100|$0.7900|250|$0.6500|560|$0.5300|1000|$0.4900|2500|$0.4700|
