TLE4726G|Infineon Technologies AG|770|1000|$2.1300|500|$2.2500|100|$2.3400|25|$2.4400|1|$2.6200|
TLE4726GXUMA1|Infineon Technologies AG|4000|1000|$2.1900|500|$2.3100|100|$2.4000|25|$2.5000|1|$2.7000|
TLF35584QVVS2XUMA1|Infineon Technologies AG|2220|1000|$3.8400|500|$4.0400|100|$4.2100|25|$4.3900|1|$4.7200|
MC56F8036VLF|Freescale Semiconductor|8|1000|$7.1600|500|$7.5400|100|$7.8500|25|$8.1900|1|$8.8100|
MC56F8245VLD|Freescale Semiconductor|1270|1000|$4.8100|500|$5.0600|100|$5.2700|25|$5.5000|1|$5.9200|
MC56F8247MLH|Freescale Semiconductor|151|1000|$6.2200|500|$6.5500|100|$6.8200|25|$7.1100|1|$7.6600|
MC56F8247VLH|Freescale Semiconductor|11830|1000|$5.9300|500|$6.2400|100|$6.5000|25|$6.7700|1|$7.2900|
MC56F8247VLHR|Freescale Semiconductor|31500|1000|$5.9300|500|$6.2400|100|$6.5000|25|$6.7700|1|$7.2900|
MC56F8256VLF|Freescale Semiconductor|300|1000|$5.5900|500|$5.8800|100|$6.1200|25|$6.3900|1|$6.8800|
MC68302EH16C|Freescale Semiconductor|52|1000|$40.5300|500|$42.6600|100|$44.4200|25|$46.3200|1|$49.8800|
MC68302EH16CB1|Freescale Semiconductor|360|1000|$40.5300|500|$42.6600|100|$44.4200|25|$46.3200|1|$49.8800|
MC68332ACEH16|NXP Semiconductors|29|1000|$28.4300|500|$29.9200|100|$31.1500|25|$32.4900|1|$34.9900|
MC68332ACEH16|Freescale Semiconductor|3|1000|$28.4300|500|$29.9200|100|$31.1500|25|$32.4900|1|$34.9900|
MC68332ACEH20|NXP Semiconductors|704|1000|$29.9000|500|$31.4700|100|$32.7600|25|$34.1700|1|$36.8000|
MC68340AB16E|Freescale Semiconductor|371|1000|$35.2200|500|$37.0700|100|$38.6000|25|$40.2500|1|$43.3500|
MC68340AB16EB1|Freescale Semiconductor|3960|1000|$31.4300|500|$33.0800|100|$34.4400|25|$35.9200|1|$38.6800|
MAX8869EUE50|Maxim Integrated Products|3|1000|$2.7800|500|$2.9300|100|$3.0500|25|$3.1800|1|$3.4200|
MAX8887EZK18-T|Maxim Integrated Products|13490|1000|$1.1900|500|$1.2500|100|$1.3100|25|$1.3600|1|$1.4700|
MAX8971EWP+T|Maxim Integrated Products|392335|1000|$1.7100|500|$1.8000|100|$1.8700|25|$1.9500|1|$2.1000|
BUK9637-100E118|NXP Semiconductors|85|1000|$0.4900|500|$0.5100|100|$0.5300|25|$0.5600|1|$0.6000|
MAX3081EESA||0|1000|$2.3400|500|$2.4600|100|$2.5600|25|$2.6700|1|$2.8800|
OPA378AIDCKR|Texas Instruments|23070|1000|$0.9100|500|$0.9600|100|$1.0000|25|$1.0400|1|$1.1200|
OPA4228UA/2K5|Texas Instruments|44802|1000|$5.8700|500|$6.1800|100|$6.4300|25|$6.7100|1|$7.2200|
OPA4277UAE4|Texas Instruments|8|1000|$6.7900|500|$7.1500|100|$7.4500|25|$7.7700|1|$8.3600|
SN74LVC2GU04DBVR|Texas Instruments|838955|1000|$0.2100|500|$0.2200|100|$0.2300|25|$0.2400|1|$0.2500|
NTB0102GT115|NXP Semiconductors|115790|1000|$0.2400|500|$0.2500|100|$0.2600|25|$0.2700|1|$0.2900|
NTS0102GF115|NXP Semiconductors|23400|1000|$0.2100|500|$0.2200|100|$0.2300|25|$0.2400|1|$0.2500|
MCF52110CAF80|Freescale Semiconductor|81|1000|$7.2800|500|$7.6600|100|$7.9800|25|$8.3200|1|$8.9600|
MCF5213CAF80|Freescale Semiconductor|41|1000|$13.6300|500|$14.3500|100|$14.9400|25|$15.5800|1|$16.7800|
MCF5253CVM140|Freescale Semiconductor|29|1000|$19.4300|500|$20.4500|100|$21.2900|25|$22.2000|1|$23.9100|
MCF5274LVM166|Freescale Semiconductor|112|1000|$18.4400|500|$19.4100|100|$20.2100|25|$21.0800|1|$22.7000|
MCF5274LVM166J|Freescale Semiconductor|7819|1000|$14.5700|500|$15.3400|100|$15.9700|25|$16.6600|1|$17.9400|
MCF54455CVR200|Freescale Semiconductor|17|1000|$24.0000|500|$25.2600|100|$26.3000|25|$27.4300|1|$29.5400|
ISL8024IRTAJZ|Intersil Corporation|20|1000|$1.6300|500|$1.7200|100|$1.7900|25|$1.8700|1|$2.0100|
S912ZVL12F0VLF|Freescale Semiconductor|150|1000|$3.3200|500|$3.5000|100|$3.6400|25|$3.8000|1|$4.0900|
FRDM-FXS-MULT2-B|Freescale Semiconductor|200|1000|$123.7500|500|$130.2600|100|$135.6200|25|$141.4300|1|$152.3100|
MC9S08AC60CFUE|Freescale Semiconductor|14348|1000|$3.9600|500|$4.1600|100|$4.3400|25|$4.5200|1|$4.8700|
MC9S08JM60CLDR|NXP Semiconductors|1100|1000|$4.7200|500|$4.9700|100|$5.1700|25|$5.4000|1|$5.8100|
MC9S08MP16VLF|Freescale Semiconductor|41444|1000|$2.3500|500|$2.4800|100|$2.5800|25|$2.6900|1|$2.9000|
SPC5668GF1AVMG|Freescale Semiconductor|95|1000|$35.8200|500|$37.7100|100|$39.2600|25|$40.9400|1|$44.0900|
BZT52H-B20115|NXP Semiconductors|2560|1000|$0.0400|1|$0.0500|25|$0.0500|100|$0.0500|500|$0.0500|
BZT52H-C11115|NXP Semiconductors|19061|1000|$0.0400|1|$0.0500|25|$0.0500|100|$0.0500|500|$0.0500|
PX8244HDMG008XTMA1|Infineon Technologies AG|8000|1000|$4.7900|500|$5.0500|100|$5.2500|25|$5.4800|1|$5.9000|
TLV2371IDBVT|Texas Instruments|200|1000|$0.6800|500|$0.7100|100|$0.7400|25|$0.7700|1|$0.8300|
TLV2373IDGS|Texas Instruments|1110|1000|$1.2900|500|$1.3600|100|$1.4200|25|$1.4800|1|$1.5900|
TLV2373IDGSR|Texas Instruments|9680|1000|$1.0900|500|$1.1500|100|$1.1900|25|$1.2400|1|$1.3400|
TLV2373IDGSR|National Semiconductor Corporation|4095|1000|$1.0900|500|$1.1500|100|$1.1900|25|$1.2400|1|$1.3400|
TPS3823A-33DBVT|Texas Instruments|750|1000|$0.9100|500|$0.9600|100|$1.0000|25|$1.0400|1|$1.1200|
DS90LT012ATMF/NOPB|Texas Instruments|4592|1000|$0.6500|500|$0.6800|100|$0.7100|25|$0.7400|1|$0.8000|
DS90LT012ATMF/NOPB|National Semiconductor Corporation|11570|1000|$0.6500|500|$0.6800|100|$0.7100|25|$0.7400|1|$0.8000|
LPC1114FBD48/303151|NXP Semiconductors|4995|1000|$1.6200|500|$1.7000|100|$1.7700|25|$1.8500|1|$1.9900|
LPC1114FHN33/3015|NXP Semiconductors|230|1000|$1.7100|500|$1.8000|100|$1.8700|25|$1.9500|1|$2.1000|
LPC1114FHN33/301551|NXP Semiconductors|9590|1000|$1.6200|500|$1.7000|100|$1.7700|25|$1.8500|1|$1.9900|
LPC11D14FBD100/302|NXP Semiconductors|89|1000|$2.3700|500|$2.4900|100|$2.6000|25|$2.7100|1|$2.9100|
LPC11D14FBD100/302551|NXP Semiconductors|160899|1000|$2.9400|500|$3.1000|100|$3.2200|25|$3.3600|1|$3.6200|
LPC1754FBD80551|NXP Semiconductors|537|1000|$5.1000|500|$5.3700|100|$5.5900|25|$5.8300|1|$6.2800|
LPC1765FBD100551|NXP Semiconductors|23538|1000|$5.7900|500|$6.1000|100|$6.3500|25|$6.6200|1|$7.1300|
LPC1768FBD100551|NXP Semiconductors|10062|1000|$6.9600|500|$7.3200|100|$7.6200|25|$7.9500|1|$8.5600|
LPC2387FBD100551|NXP Semiconductors|1460|1000|$10.0000|500|$10.5300|100|$10.9600|25|$11.4300|1|$12.3100|
LPC2388FBD144551|NXP Semiconductors|1080|1000|$11.4400|500|$12.0400|100|$12.5400|25|$13.0800|1|$14.0800|
LPC43S50FET180E551|NXP Semiconductors|1512|1000|$6.2500|500|$6.5800|100|$6.8500|25|$7.1400|1|$7.6900|
ISL6535IBZ-T|Intersil Corporation|2500|1000|$2.3400|500|$2.4600|100|$2.5600|25|$2.6700|1|$2.8800|
LM2735XQMF/NOPB|Texas Instruments|20|1000|$1.2700|500|$1.3300|100|$1.3900|25|$1.4500|1|$1.5600|
LM2735XQMF/NOPB|National Semiconductor Corporation|868|1000|$1.2700|500|$1.3300|100|$1.3900|25|$1.4500|1|$1.5600|
LM2735YMY/NOPB|National Semiconductor Corporation|169|1000|$1.0700|500|$1.1300|100|$1.1800|25|$1.2300|1|$1.3200|
ISL6506ACB|Intersil Corporation|1819|1000|$2.7500|500|$2.9000|100|$3.0100|25|$3.1400|1|$3.3900|
ISL6506BCB|Intersil Corporation|1461|1000|$0.6800|500|$0.7100|100|$0.7400|25|$0.7700|1|$0.8300|
ISL6506BCBZA|Intersil Corporation|403|1000|$2.0200|500|$2.1200|100|$2.2100|25|$2.3000|1|$2.4800|
ISL6506CB|Intersil Corporation|4429|1000|$1.6900|500|$1.7800|100|$1.8500|25|$1.9300|1|$2.0800|
ISL6506CB-T|Intersil Corporation|779|1000|$4.0700|500|$4.2900|100|$4.4600|25|$4.6600|1|$5.0100|
ISL6506CBZ|Intersil Corporation|834|1000|$4.0700|500|$4.2900|100|$4.4600|25|$4.6600|1|$5.0100|
AR0237CSSC00SUEA0-DR|ON Semiconductor|255133|1000|$8.1000|500|$8.5300|100|$8.8800|25|$9.2600|1|$9.9700|
AR0237CSSC00SUEA0-DR-E|ON Semiconductor|4319|1000|$29.4100|500|$30.9600|100|$32.2300|25|$33.6100|1|$36.2000|
SN74LVC126APWR|Texas Instruments|22000|1000|$0.1000|100|$0.1100|500|$0.1100|25|$0.1200|1|$0.1300|
SN74LVC138AZQNR|Texas Instruments|346200|1000|$0.2700|500|$0.2800|100|$0.2900|25|$0.3000|1|$0.3300|
SN74LVC139ADR|Texas Instruments|226|1000|$0.1600|500|$0.1700|100|$0.1800|25|$0.1900|1|$0.2000|
SN74LVC16244ADLR|Texas Instruments|1000|1000|$0.6500|500|$0.6800|100|$0.7100|25|$0.7400|1|$0.8000|
PCA9574PW118|NXP Semiconductors|7500|1000|$0.6300|500|$0.6700|100|$0.6900|25|$0.7200|1|$0.7800|
PCA9633DP1118|NXP Semiconductors|2250|1000|$0.5900|500|$0.6200|100|$0.6500|25|$0.6700|1|$0.7200|
PCA9634PW118|NXP Semiconductors|1242|1000|$0.7500|500|$0.7900|100|$0.8200|25|$0.8600|1|$0.9200|
PCF2129AT/2518|NXP Semiconductors|100849|1000|$1.5900|500|$1.6700|100|$1.7400|25|$1.8200|1|$1.9600|
PCF8576CT/1518|NXP Semiconductors|18790|1000|$1.1600|500|$1.2200|100|$1.2700|25|$1.3300|1|$1.4300|
MKL17Z256VMP4557|Freescale Semiconductor|19200|1000|$3.3700|500|$3.5500|100|$3.6900|25|$3.8500|1|$4.1500|
INA219AIDR|Texas Instruments|4352|1000|$1.0400|500|$1.1000|100|$1.1400|25|$1.1900|1|$1.2900|
INA284AIDR|Texas Instruments|2500|1000|$1.6200|500|$1.7000|100|$1.7700|25|$1.8500|1|$1.9900|
PCA9534BS118|NXP Semiconductors|1176|1000|$0.6900|500|$0.7300|100|$0.7600|25|$0.7900|1|$0.8500|
PCA9537DP118|NXP Semiconductors|996|1000|$0.5700|500|$0.6000|100|$0.6300|25|$0.6600|1|$0.7100|
PCA9545CPW118|NXP Semiconductors|2500|1000|$0.9400|500|$0.9900|100|$1.0300|25|$1.0800|1|$1.1600|
PCA9546ABS118|NXP Semiconductors|66427|1000|$0.9100|500|$0.9600|100|$1.0000|25|$1.0400|1|$1.1200|
PCA9548ABS118|NXP Semiconductors|12704|1000|$0.9600|500|$1.0100|100|$1.0500|25|$1.0900|1|$1.1800|
PCA9551D118|NXP Semiconductors|470|1000|$1.0200|500|$1.0700|100|$1.1100|25|$1.1600|1|$1.2500|
PCA9554AD118|NXP Semiconductors|3000|1000|$0.6900|500|$0.7300|100|$0.7600|25|$0.7900|1|$0.8500|
PCA9557D118|NXP Semiconductors|330|1000|$0.6200|500|$0.6500|100|$0.6800|25|$0.7100|1|$0.7600|
PCA9624PW118|NXP Semiconductors|6728|1000|$0.9000|500|$0.9400|100|$0.9800|25|$1.0300|1|$1.1000|
PCA9674ABS118|NXP Semiconductors|22|1000|$0.7500|500|$0.7900|100|$0.8200|25|$0.8600|1|$0.9200|
PCA9685PW112|NXP Semiconductors|6883|1000|$1.1300|500|$1.1900|100|$1.2400|25|$1.2900|1|$1.3900|
MK21FX512VMD12|Freescale Semiconductor|383|1000|$8.6200|500|$9.0700|100|$9.4400|25|$9.8500|1|$10.6100|
MK22FN256CAP12R|Freescale Semiconductor|5000|1000|$6.3800|500|$6.7200|100|$6.9900|25|$7.2900|1|$7.8600|
MK22FX512VMD12|Freescale Semiconductor|160|1000|$8.1600|500|$8.5900|100|$8.9400|25|$9.3300|1|$10.0500|
MM5Z15VT1G|ON Semiconductor|1599|25|$0.0300|100|$0.0300|500|$0.0300|1000|$0.0300|1|$0.0400|
INA129U/2K5|Texas Instruments|11|1000|$4.9300|500|$5.1900|100|$5.4000|25|$5.6300|1|$6.0600|
INA129U/2K5|Texas Instruments|1776|1000|$4.9300|500|$5.1900|100|$5.4000|25|$5.6300|1|$6.0600|
INA133U|Texas Instruments|2653|1000|$2.2700|500|$2.3800|100|$2.4800|25|$2.5900|1|$2.7900|
INA133UE4|Texas Instruments|75|1000|$2.2700|500|$2.3800|100|$2.4800|25|$2.5900|1|$2.7900|
INA133UA|Texas Instruments|40|1000|$1.7900|500|$1.8900|100|$1.9700|25|$2.0500|1|$2.2100|
INA133UA|Texas Instruments|49|1000|$1.7900|500|$1.8900|100|$1.9700|25|$2.0500|1|$2.2100|
INA143U/2K5|Texas Instruments|7036|1000|$1.8200|500|$1.9200|100|$2.0000|25|$2.0800|1|$2.2400|
TPS3836K33DBVR|Texas Instruments|183|1000|$1.1000|500|$1.1600|100|$1.2100|25|$1.2600|1|$1.3600|
LMX2434SLEX/NOPB|National Semiconductor Corporation|2500|1000|$2.3800|500|$2.5100|100|$2.6100|25|$2.7200|1|$2.9300|
LMX2531LQ2265E/NOPB|Texas Instruments|245|1000|$8.1900|500|$8.6200|100|$8.9800|25|$9.3600|1|$10.0800|
LMX2531LQ2265E/NOPB|National Semiconductor Corporation|722|1000|$8.1900|500|$8.6200|100|$8.9800|25|$9.3600|1|$10.0800|
LMX2531LQE1515E/NOPB|Texas Instruments|1500|1000|$8.1900|500|$8.6200|100|$8.9800|25|$9.3600|1|$10.0800|
LMX2531LQE1515E/NOPB|National Semiconductor Corporation|395|1000|$8.1900|500|$8.6200|100|$8.9800|25|$9.3600|1|$10.0800|
LMX2541SQE2690E/NOPB|Texas Instruments|750|1000|$9.6800|500|$10.1900|100|$10.6000|25|$11.0600|1|$11.9100|
LMX2541SQE2690E/NOPB|National Semiconductor Corporation|579|1000|$9.6800|500|$10.1900|100|$10.6000|25|$11.0600|1|$11.9100|
74AHC1G08GW125|NXP Semiconductors|4867091|25|$0.0300|100|$0.0300|500|$0.0300|1000|$0.0300|1|$0.0400|
74AHC1G32GW125|NXP Semiconductors|872666|1000|$0.0400|1|$0.0500|25|$0.0500|100|$0.0500|500|$0.0500|
TPA301DR|Texas Instruments|13360|1000|$0.4300|500|$0.4500|100|$0.4700|25|$0.4900|1|$0.5300|
LM4120IM5-3.0/NOPB|National Semiconductor Corporation|940|1000|$0.9100|500|$0.9600|100|$1.0000|25|$1.0400|1|$1.1200|
DS90C241IVS/NOPB|National Semiconductor Corporation|444|1000|$6.0200|500|$6.3300|100|$6.5900|25|$6.8700|1|$7.4000|
LM2676SX-3.3/NOPB|National Semiconductor Corporation|1497|1000|$2.6500|500|$2.7900|100|$2.9000|25|$3.0300|1|$3.2600|
LM2677SX-ADJ/NOPB|Texas Instruments|1300|1000|$3.3100|500|$3.4800|100|$3.6300|25|$3.7800|1|$4.0700|
LM2677SX-ADJ/NOPB|National Semiconductor Corporation|2000|1000|$3.3100|500|$3.4800|100|$3.6300|25|$3.7800|1|$4.0700|
74LVC3G17DP125|NXP Semiconductors|106109|1000|$0.1900|500|$0.2000|100|$0.2100|25|$0.2200|1|$0.2400|
SN74LVC1G00DRLR|Texas Instruments|240000|1000|$0.1000|100|$0.1100|500|$0.1100|25|$0.1200|1|$0.1300|
SN74LVC1G125DSFR|Texas Instruments|145361|1000|$0.1300|500|$0.1400|25|$0.1500|100|$0.1500|1|$0.1600|
CC430F6137IRGCT|Texas Instruments|250|1000|$4.0200|500|$4.2300|100|$4.4000|25|$4.5900|1|$4.9400|
CD40106BNSR|Texas Instruments|6454|1000|$0.1600|500|$0.1700|100|$0.1800|25|$0.1900|1|$0.2000|
CD4051BM96|Texas Instruments|61491|1000|$0.2100|500|$0.2200|100|$0.2300|25|$0.2400|1|$0.2500|
CD4051BM96G4|Texas Instruments|388|1000|$0.2100|500|$0.2200|100|$0.2300|25|$0.2400|1|$0.2500|
OPA2333AQDRQ1|Texas Instruments|46786|1000|$2.3400|500|$2.4600|100|$2.5600|25|$2.6700|1|$2.8800|
OPA2333AQDRQ1|National Semiconductor Corporation|1342|1000|$2.3400|500|$2.4600|100|$2.5600|25|$2.6700|1|$2.8800|
OPA2336U/2K5|Texas Instruments|4700|1000|$2.2100|500|$2.3200|100|$2.4200|25|$2.5200|1|$2.7200|
BTS462TATMA1|Infineon Technologies AG|52|1000|$0.8700|500|$0.9100|100|$0.9500|25|$0.9900|1|$1.0700|
IRF9910PBF|Infineon Technologies AG|170|1000|$0.4700|500|$0.5000|100|$0.5200|25|$0.5400|1|$0.5800|
FDC604P|Fairchild Semiconductor Corporation|50|1000|$0.2500|500|$0.2600|100|$0.2700|25|$0.2900|1|$0.3100|
LP2982IM5-3.0/NOPB|National Semiconductor Corporation|6000|1000|$0.3800|500|$0.4000|100|$0.4200|25|$0.4400|1|$0.4700|
LP2985-50DBVR|Texas Instruments|87|1000|$0.2400|500|$0.2500|100|$0.2600|25|$0.2700|1|$0.2900|
LP2985AIM5-2.5/NOPB|Texas Instruments|1178|1000|$0.3400|500|$0.3600|100|$0.3700|25|$0.3900|1|$0.4200|
LP2985AIM5-2.5/NOPB|National Semiconductor Corporation|900|1000|$0.3400|500|$0.3600|100|$0.3700|25|$0.3900|1|$0.4200|
LP2985AIM5-2.7/NOPB|Texas Instruments|1000|1000|$0.3400|500|$0.3600|100|$0.3700|25|$0.3900|1|$0.4200|
LP2985AIM5-2.7/NOPB|National Semiconductor Corporation|7394|1000|$0.3400|500|$0.3600|100|$0.3700|25|$0.3900|1|$0.4200|
LP2985AIM5-2.9/NOPB|Texas Instruments|1107|1000|$0.3400|500|$0.3600|100|$0.3700|25|$0.3900|1|$0.4200|
LP2985AIM5-2.9/NOPB|National Semiconductor Corporation|4700|1000|$0.3400|500|$0.3600|100|$0.3700|25|$0.3900|1|$0.4200|
BC556BTA|Fairchild Semiconductor Corporation|149324|25|$0.0300|100|$0.0300|500|$0.0300|1000|$0.0300|1|$0.0400|
FPF2495UCX|Fairchild Semiconductor Corporation|1810093|1000|$0.4600|500|$0.4800|100|$0.5000|25|$0.5200|1|$0.5600|
FPF2498BUCX|Fairchild Semiconductor Corporation|58193|1000|$0.3200|500|$0.3400|100|$0.3600|25|$0.3700|1|$0.4000|
FQA140N10|Fairchild Semiconductor Corporation|6606|1000|$4.2400|500|$4.4600|100|$4.6400|25|$4.8400|1|$5.2100|
BZV55-B18115|NXP Semiconductors|81490|100|$0.0600|500|$0.0600|1000|$0.0600|1|$0.0700|25|$0.0700|
BZV55-B24115|NXP Semiconductors|224725|100|$0.0600|500|$0.0600|1000|$0.0600|1|$0.0700|25|$0.0700|
BZV55-B2V4115|NXP Semiconductors|65000|100|$0.0600|500|$0.0600|1000|$0.0600|1|$0.0700|25|$0.0700|
NCV551SN18T1G|ON Semiconductor|9000|1000|$0.2400|500|$0.2500|100|$0.2600|25|$0.2700|1|$0.2900|
NCV57302DSADJR4G|ON Semiconductor|22900|1000|$1.7900|500|$1.8900|100|$1.9700|25|$2.0500|1|$2.2100|
NCV7101SN1T1G|ON Semiconductor|6000|1000|$0.7500|500|$0.7900|100|$0.8200|25|$0.8600|1|$0.9200|
NCV7513BFTR2G|ON Semiconductor|24243|1000|$2.4600|500|$2.5900|100|$2.6900|25|$2.8100|1|$3.0200|
NCV7805ABD2TR4G|ON Semiconductor|11200|1000|$0.4400|500|$0.4600|100|$0.4800|25|$0.5000|1|$0.5400|
NCV8664DT33RKG|ON Semiconductor|13884|1000|$1.0000|500|$1.0500|100|$1.1000|25|$1.1400|1|$1.2300|
NCV8664DT50RKG|ON Semiconductor|10723|1000|$1.0000|500|$1.0500|100|$1.1000|25|$1.1400|1|$1.2300|
NCS2202SQ2T2G|ON Semiconductor|118584|1000|$0.3800|500|$0.4000|100|$0.4200|25|$0.4400|1|$0.4700|
BCW30215|NXP Semiconductors|92934|25|$0.0300|100|$0.0300|500|$0.0300|1000|$0.0300|1|$0.0400|
BSR19A215|NXP Semiconductors|76000|1000|$0.1000|100|$0.1100|500|$0.1100|25|$0.1200|1|$0.1300|
NOIP1SN010KA-GDI|ON Semiconductor|2|1000|$1,532.6800|500|$1,613.3400|100|$1,679.6500|25|$1,751.6300|1|$1,886.3700|
1N4741ATR|Fairchild Semiconductor Corporation|125835|1000|$0.0400|1|$0.0500|25|$0.0500|100|$0.0500|500|$0.0500|
NUP4106DR2G|ON Semiconductor|10494|1000|$1.2200|500|$1.2900|100|$1.3400|25|$1.4000|1|$1.5000|
TLE4976-1K|Infineon Technologies AG|6000|1000|$0.3500|500|$0.3700|100|$0.3900|25|$0.4000|1|$0.4300|
74AHC138D118|NXP Semiconductors|35000|500|$0.1200|1000|$0.1200|25|$0.1300|100|$0.1300|1|$0.1500|
74AHC1G02GV125|NXP Semiconductors|381000|1000|$0.0400|1|$0.0500|25|$0.0500|100|$0.0500|500|$0.0500|
74LVC1G66GV125|NXP Semiconductors|71100|100|$0.0600|500|$0.0600|1000|$0.0600|1|$0.0700|25|$0.0700|
74LVC273D118|NXP Semiconductors|58405|1000|$0.2100|500|$0.2200|100|$0.2300|25|$0.2400|1|$0.2500|
74LVC2G08GM125|NXP Semiconductors|9099|1000|$0.2100|500|$0.2200|100|$0.2300|25|$0.2400|1|$0.2500|
74LVC2G38DC125|NXP Semiconductors|5743|1000|$0.1800|100|$0.1900|500|$0.1900|25|$0.2000|1|$0.2200|
74LVC541AD118|NXP Semiconductors|116120|1000|$0.1900|500|$0.2000|100|$0.2100|25|$0.2200|1|$0.2400|
PMEG3010ER115|NXP Semiconductors|6006|500|$0.0900|1000|$0.0900|25|$0.1000|100|$0.1000|1|$0.1100|
MM3Z51VB|Fairchild Semiconductor Corporation|68900|25|$0.0300|100|$0.0300|500|$0.0300|1000|$0.0300|1|$0.0400|
74HCT574PW118|NXP Semiconductors|10459|1000|$0.1500|100|$0.1600|500|$0.1600|25|$0.1700|1|$0.1800|
74LVC10APW118|NXP Semiconductors|53230|500|$0.0900|1000|$0.0900|25|$0.1000|100|$0.1000|1|$0.1100|
74LVC125ABQ115|NXP Semiconductors|2148|1000|$0.1000|100|$0.1100|500|$0.1100|25|$0.1200|1|$0.1300|
BZT52H-C22115|NXP Semiconductors|60075|1000|$0.0400|1|$0.0500|25|$0.0500|100|$0.0500|500|$0.0500|
BZV55-B10115|NXP Semiconductors|431700|100|$0.0600|500|$0.0600|1000|$0.0600|1|$0.0700|25|$0.0700|
FSA3357L8X|Fairchild Semiconductor Corporation|148580|1000|$0.4300|500|$0.4500|100|$0.4700|25|$0.4900|1|$0.5300|
BGA231N7E6327XTSA2|Infineon Technologies AG|392256|1000|$0.3500|500|$0.3700|100|$0.3900|25|$0.4000|1|$0.4300|
PZU7.5B2115|NXP Semiconductors|7000|100|$0.0600|500|$0.0600|1000|$0.0600|1|$0.0700|25|$0.0700|
SMBJ18CA|Fairchild Semiconductor Corporation|73125|1000|$0.1900|500|$0.2000|100|$0.2100|25|$0.2200|1|$0.2400|
74AUP1G14GW125|NXP Semiconductors|431105|1000|$0.0700|25|$0.0800|100|$0.0800|500|$0.0800|1|$0.0900|
NCP707CMX300TCG|ON Semiconductor|30000|500|$0.1200|1000|$0.1200|25|$0.1300|100|$0.1300|1|$0.1500|
LPC11E68JBD64551|NXP Semiconductors|32|1000|$2.6900|500|$2.8300|100|$2.9500|25|$3.0800|1|$3.3100|
NCV51411DR2G|ON Semiconductor|417|1000|$1.7100|500|$1.8000|100|$1.8700|25|$1.9500|1|$2.1000|
KSP44BU|Fairchild Semiconductor Corporation|349033|500|$0.0900|1000|$0.0900|25|$0.1000|100|$0.1000|1|$0.1100|
LC05132C01NMTTTG|ON Semiconductor|80000|1000|$0.9900|500|$1.0400|100|$1.0800|25|$1.1300|1|$1.2100|
HCPL2630SD|Fairchild Semiconductor Corporation|37450|1000|$1.8800|500|$1.9800|100|$2.0600|25|$2.1500|1|$2.3200|
HCPL2630SDV|Fairchild Semiconductor Corporation|7000|1000|$1.9600|500|$2.0600|100|$2.1400|25|$2.2400|1|$2.4100|
LM26CIM5-HHD/NOPB|National Semiconductor Corporation|119|1000|$0.5600|500|$0.5900|100|$0.6100|25|$0.6400|1|$0.6900|
LM4050BIM3X-2.5/NOPB|Texas Instruments|26082|1000|$1.0400|500|$1.1000|100|$1.1400|25|$1.1900|1|$1.2900|
LM4050CIM3-4.1/NOPB|Texas Instruments|16226|1000|$0.9100|500|$0.9600|100|$1.0000|25|$1.0400|1|$1.1200|
LM4050CIM3-4.1/NOPB|National Semiconductor Corporation|118871|1000|$0.9100|500|$0.9600|100|$1.0000|25|$1.0400|1|$1.1200|
LM4051AIM3-1.2/NOPB|Texas Instruments|717|1000|$1.6200|500|$1.7000|100|$1.7700|25|$1.8500|1|$1.9900|
LM4051AIM3-1.2/NOPB|National Semiconductor Corporation|70|1000|$1.6200|500|$1.7000|100|$1.7700|25|$1.8500|1|$1.9900|
LM4051AIM31.2/NOPB|National Semiconductor Corporation|40|1000|$1.8400|500|$1.9400|100|$2.0200|25|$2.1000|1|$2.2600|
LM4120AIM5-3.3/NOPB|Texas Instruments|1211|1000|$1.0600|500|$1.1200|100|$1.1600|25|$1.2100|1|$1.3000|
LM4120AIM5-3.3/NOPB|National Semiconductor Corporation|157|1000|$1.0600|500|$1.1200|100|$1.1600|25|$1.2100|1|$1.3000|
DS92CK16TMTC|Texas Instruments|5795|1000|$4.9000|500|$5.1600|100|$5.3700|25|$5.6000|1|$6.0300|
DS92CK16TMTC/NOPB|Texas Instruments|1342|1000|$4.2500|500|$4.4700|100|$4.6600|25|$4.8600|1|$5.2300|
DS92CK16TMTC|National Semiconductor Corporation|5616|1000|$4.9000|500|$5.1600|100|$5.3700|25|$5.6000|1|$6.0300|
DS92CK16TMTC/NOPB|National Semiconductor Corporation|7606|1000|$4.2500|500|$4.4700|100|$4.6600|25|$4.8600|1|$5.2300|
DS92CK16TMTCX|National Semiconductor Corporation|2500|1000|$4.4400|500|$4.6800|100|$4.8700|25|$5.0800|1|$5.4700|
DS92CK16TMTCX/NOPB|National Semiconductor Corporation|17500|1000|$3.5900|500|$3.7800|100|$3.9300|25|$4.1000|1|$4.4200|
DS92LV010ATMX/NOPB|National Semiconductor Corporation|1161|1000|$2.1000|500|$2.2100|100|$2.3100|25|$2.4000|1|$2.5900|
TLE42754D|Infineon Technologies AG|13300|1000|$0.8700|500|$0.9100|100|$0.9500|25|$0.9900|1|$1.0700|
TLE42754DATMA1|Infineon Technologies AG|2500|1000|$0.9900|500|$1.0400|100|$1.0800|25|$1.1300|1|$1.2100|
TLE42764DV|Infineon Technologies AG|49490|1000|$0.8200|500|$0.8700|100|$0.9000|25|$0.9400|1|$1.0100|
TLE42764DVATMA1|Infineon Technologies AG|2500|1000|$0.9300|500|$0.9800|100|$1.0200|25|$1.0600|1|$1.1400|
TLE4941-1C|Infineon Technologies AG|16476|1000|$1.7100|500|$1.8000|100|$1.8700|25|$1.9500|1|$2.1000|
TLE49411CBAMA1|Infineon Technologies AG|1744|1000|$1.7100|500|$1.8000|100|$1.8700|25|$1.9500|1|$2.1000|
TLE4941-1CCT|Infineon Technologies AG|5|1000|$1.7100|500|$1.8000|100|$1.8700|25|$1.9500|1|$2.1000|
TLE4946-2K|Infineon Technologies AG|384|1000|$0.3400|500|$0.3600|100|$0.3700|25|$0.3900|1|$0.4200|
SGL50N60RUFDTU|Fairchild Semiconductor Corporation|2178|1000|$6.7400|500|$7.0900|100|$7.3800|25|$7.7000|1|$8.2900|
SMBJ110A|Fairchild Semiconductor Corporation|5870|1000|$0.1600|500|$0.1700|100|$0.1800|25|$0.1900|1|$0.2000|
FDMC8015L|Fairchild Semiconductor Corporation|351415|1000|$0.2500|500|$0.2600|100|$0.2700|25|$0.2900|1|$0.3100|
FDMC8296|Fairchild Semiconductor Corporation|332756|1000|$0.9900|500|$1.0400|100|$1.0800|25|$1.1300|1|$1.2100|
FNA41560|Fairchild Semiconductor Corporation|33890|1000|$10.9000|500|$11.4700|100|$11.9400|25|$12.4500|1|$13.4100|
OPA875ID|Texas Instruments|7635|1000|$2.8800|500|$3.0300|100|$3.1600|25|$3.2900|1|$3.5500|
OPA875IDGKT|Texas Instruments|4945|1000|$2.7800|500|$2.9300|100|$3.0500|25|$3.1800|1|$3.4200|
OPA875IDGKR|Texas Instruments|4950|1000|$2.4700|500|$2.6000|100|$2.7100|25|$2.8200|1|$3.0400|
PCA9306DCTR|Texas Instruments|11442|1000|$0.2700|500|$0.2800|100|$0.2900|25|$0.3000|1|$0.3300|
PCM1681PWPR|Texas Instruments|5974|1000|$1.8200|500|$1.9200|100|$2.0000|25|$2.0800|1|$2.2400|
PCM1723E/2K|Texas Instruments|18300|1000|$4.4600|500|$4.6900|100|$4.8800|25|$5.0900|1|$5.4800|
PCM1771PWR|Texas Instruments|310246|1000|$1.7700|500|$1.8600|100|$1.9300|25|$2.0200|1|$2.1700|
PDTA123YT215|NXP Semiconductors|160475|25|$0.0300|100|$0.0300|500|$0.0300|1000|$0.0300|1|$0.0400|
PCT2075D118|NXP Semiconductors|7547|1000|$0.2700|500|$0.2800|100|$0.2900|25|$0.3000|1|$0.3300|
TLE5309DE1211XUMA1|Infineon Technologies AG|2500|1000|$4.2100|500|$4.4300|100|$4.6100|25|$4.8100|1|$5.1800|
TLE6230GPAUMA1|Infineon Technologies AG|567|1000|$2.9000|500|$3.0500|100|$3.1800|25|$3.3100|1|$3.5700|
MC9S08SH4MTGR|Freescale Semiconductor|2500|1000|$1.8700|500|$1.9700|100|$2.0500|25|$2.1300|1|$2.3000|
MC9S12DP512CPVER|Freescale Semiconductor|6|1000|$26.1800|500|$27.5500|100|$28.6900|25|$29.9200|1|$32.2200|
MC9S12XDT512CAA|Freescale Semiconductor|11|1000|$19.1200|500|$20.1200|100|$20.9500|25|$21.8500|1|$23.5300|
MCF51AC256BCPUE|Freescale Semiconductor|2789|1000|$7.0400|500|$7.4200|100|$7.7200|25|$8.0500|1|$8.6700|
BB201215|NXP Semiconductors|34233|1000|$0.2700|500|$0.2800|100|$0.2900|25|$0.3000|1|$0.3300|
HIN232ECBNZ||0|1000|$0.8800|500|$0.9300|100|$0.9700|25|$1.0100|1|$1.0900|
MK21DX256AVMC5|Freescale Semiconductor|16356|1000|$5.9600|500|$6.2700|100|$6.5300|25|$6.8100|1|$7.3300|
TDA8020HL/C2118|NXP Semiconductors|4147|1000|$1.9300|500|$2.0300|100|$2.1100|25|$2.2000|1|$2.3700|
TDA8023TT/C1118|NXP Semiconductors|40000|1000|$0.9600|500|$1.0100|100|$1.0500|25|$1.0900|1|$1.1800|
SMBJ20CA|Fairchild Semiconductor Corporation|518059|1000|$0.2400|500|$0.2500|100|$0.2600|25|$0.2700|1|$0.2900|
FSQ0765RQWDTU|Fairchild Semiconductor Corporation|101|1000|$1.1500|500|$1.2100|100|$1.2600|25|$1.3100|1|$1.4100|
FST16233MTDX||0|1000|$1.2100|500|$1.2700|100|$1.3200|25|$1.3800|1|$1.4800|
FSUSB30MUX|Fairchild Semiconductor Corporation|5307|1000|$0.2500|500|$0.2600|100|$0.2700|25|$0.2900|1|$0.3100|
FSUSB31K8X|Fairchild Semiconductor Corporation|436310|1000|$0.4100|500|$0.4300|100|$0.4500|25|$0.4700|1|$0.5100|
FDN358P|Fairchild Semiconductor Corporation|70156|1000|$0.1600|500|$0.1700|100|$0.1800|25|$0.1900|1|$0.2000|
FDN359AN|Fairchild Semiconductor Corporation|637744|1000|$0.2900|500|$0.3100|100|$0.3200|25|$0.3400|1|$0.3600|
S3M|Fairchild Semiconductor Corporation|95317|1000|$0.1300|500|$0.1400|25|$0.1500|100|$0.1500|1|$0.1600|
MAX4641EUA-T|Maxim Integrated Products|300|1000|$1.3200|500|$1.3900|100|$1.4500|25|$1.5100|1|$1.6300|
MAX4644EUA|Maxim Integrated Products|94|1000|$1.2100|500|$1.2700|100|$1.3200|25|$1.3800|1|$1.4800|
SMBJ5V0CA|Fairchild Semiconductor Corporation|8755|1000|$0.2200|500|$0.2300|100|$0.2400|25|$0.2500|1|$0.2700|
SMBJ75CA|Fairchild Semiconductor Corporation|32895|1000|$0.2200|500|$0.2300|100|$0.2400|25|$0.2500|1|$0.2700|
SMCJ28A|Fairchild Semiconductor Corporation|437|1000|$0.3200|500|$0.3400|100|$0.3600|25|$0.3700|1|$0.4000|
NSS12200LT1G|ON Semiconductor|3579000|1000|$0.1600|500|$0.1700|100|$0.1800|25|$0.1900|1|$0.2000|
CAV24C02WE-GT3|ON Semiconductor|36000|1000|$0.2200|500|$0.2300|100|$0.2400|25|$0.2500|1|$0.2700|
CAV24C64YE-GT3|ON Semiconductor|69000|1000|$0.4600|500|$0.4800|100|$0.5000|25|$0.5200|1|$0.5600|
FQA30N40|Fairchild Semiconductor Corporation|28476|1000|$4.7800|500|$5.0300|100|$5.2400|25|$5.4600|1|$5.8800|
NTTFS4985NFTWG|ON Semiconductor|20000|1000|$0.6500|500|$0.6800|100|$0.7100|25|$0.7400|1|$0.8000|
HCPL0611|Fairchild Semiconductor Corporation|36260|1000|$1.2800|500|$1.3500|100|$1.4000|25|$1.4600|1|$1.5800|
HCPL0611R2|Fairchild Semiconductor Corporation|2500|1000|$1.3100|500|$1.3800|100|$1.4300|25|$1.5000|1|$1.6100|
HCPL0637|Fairchild Semiconductor Corporation|2117|1000|$1.6600|500|$1.7500|100|$1.8200|25|$1.9000|1|$2.0500|
HCPL2601|Texas Instruments|24117|1000|$0.5700|500|$0.6000|100|$0.6300|25|$0.6600|1|$0.7100|
HCPL2601|Fairchild Semiconductor Corporation|2856|1000|$1.1900|500|$1.2500|100|$1.3100|25|$1.3600|1|$1.4700|
HCPL2601M|Fairchild Semiconductor Corporation|2000|1000|$0.7700|500|$0.8100|100|$0.8400|25|$0.8700|1|$0.9400|
HCPL2601V|Fairchild Semiconductor Corporation|1500|1000|$1.3500|500|$1.4200|100|$1.4800|25|$1.5500|1|$1.6700|
HCPL2601WV|Fairchild Semiconductor Corporation|981|1000|$1.4600|500|$1.5300|100|$1.6000|25|$1.6600|1|$1.7900|
HCPL2630|Texas Instruments|2972|1000|$0.7900|500|$0.8400|100|$0.8700|25|$0.9100|1|$0.9800|
HCPL2630|Fairchild Semiconductor Corporation|1477|1000|$1.5900|500|$1.6700|100|$1.7400|25|$1.8200|1|$1.9600|
HCPL2630S|Fairchild Semiconductor Corporation|1120|1000|$1.8400|500|$1.9400|100|$2.0200|25|$2.1000|1|$2.2600|
HCPL2630SD|Fairchild Semiconductor Corporation|37450|1000|$1.8800|500|$1.9800|100|$2.0600|25|$2.1500|1|$2.3200|
HCPL2630SDV|Fairchild Semiconductor Corporation|7000|1000|$1.9600|500|$2.0600|100|$2.1400|25|$2.2400|1|$2.4100|
HLMP1719|Fairchild Semiconductor Corporation|2000|100|$0.0600|500|$0.0600|1000|$0.0600|1|$0.0700|25|$0.0700|
HLMP1719MP4B|Fairchild Semiconductor Corporation|4000|1000|$0.1800|100|$0.1900|500|$0.1900|25|$0.2000|1|$0.2200|
MPC855TVR50D4|Freescale Semiconductor|305|1000|$39.9100|500|$42.0100|100|$43.7400|25|$45.6100|1|$49.1200|
NTTFS4H05NTAG|ON Semiconductor|3000|1000|$0.6900|500|$0.7300|100|$0.7600|25|$0.7900|1|$0.8500|
SMCJ33CA|Fairchild Semiconductor Corporation|13610|1000|$0.3800|500|$0.4000|100|$0.4200|25|$0.4400|1|$0.4700|
DS1982-F3|Maxim Integrated Products|999|1000|$2.3500|500|$2.4800|100|$2.5800|25|$2.6900|1|$2.9000|
SN74LVC1G17MDCKREP|Texas Instruments|631|1000|$0.5000|500|$0.5300|100|$0.5500|25|$0.5700|1|$0.6200|
FPF1048BUCX|Fairchild Semiconductor Corporation|69000|1000|$0.1900|500|$0.2000|100|$0.2100|25|$0.2200|1|$0.2400|
NCP5603MNR2G|ON Semiconductor|235867|1000|$0.8200|500|$0.8700|100|$0.9000|25|$0.9400|1|$1.0100|
MAX9065EUK+T|Maxim Integrated Products|37380|1000|$0.5700|500|$0.6000|100|$0.6300|25|$0.6600|1|$0.7100|
MMBTH10LT3G|ON Semiconductor|160000|1000|$0.0400|1|$0.0500|25|$0.0500|100|$0.0500|500|$0.0500|
MMBTH10LT1G|ON Semiconductor|2986400|1000|$0.0400|1|$0.0500|25|$0.0500|100|$0.0500|500|$0.0500|
MMBTH10M3T5G|ON Semiconductor|342750|1000|$0.0400|1|$0.0500|25|$0.0500|100|$0.0500|500|$0.0500|
MMBTH10LT1|ON Semiconductor|9431048|1000|$0.0400|1|$0.0500|25|$0.0500|100|$0.0500|500|$0.0500|
NSVMMBTH10LT1G|ON Semiconductor|321000|500|$0.1200|1000|$0.1200|25|$0.1300|100|$0.1300|1|$0.1500|
SMMBTH10LT1|ON Semiconductor|69000|1000|$0.0400|1|$0.0500|25|$0.0500|100|$0.0500|500|$0.0500|
MMBTH10|Fairchild Semiconductor Corporation|214624|1000|$0.0400|1|$0.0500|25|$0.0500|100|$0.0500|500|$0.0500|
MMBTH10RG|Fairchild Semiconductor Corporation|294000|1000|$0.0700|25|$0.0800|100|$0.0800|500|$0.0800|1|$0.0900|
FF300R12KT3HOSA1|Infineon Technologies AG|9|1000|$111.1800|500|$117.0300|100|$121.8400|25|$127.0600|1|$136.8300|
FP50R12KT4GB15BOSA1|Infineon Technologies AG|20|1000|$93.3400|500|$98.2500|100|$102.2900|25|$106.6700|1|$114.8800|
FP50R12KT4B11BOSA1|Infineon Technologies AG|12|1000|$81.1300|500|$85.4000|100|$88.9100|25|$92.7200|1|$99.8600|
FS400R07A1E3|Infineon Technologies AG|1|1000|$326.3800|500|$343.5600|100|$357.6800|25|$373.0100|1|$401.7000|
PCA9673PW118|NXP Semiconductors|1500|1000|$1.1000|500|$1.1600|100|$1.2100|25|$1.2600|1|$1.3600|
SN74LVC07ADR|Texas Instruments|33750|1000|$0.1000|100|$0.1100|500|$0.1100|25|$0.1200|1|$0.1300|
SN74LVC07ADRG4|Texas Instruments|641|1000|$0.1000|100|$0.1100|500|$0.1100|25|$0.1200|1|$0.1300|
SN74LVC07ADRG3|Texas Instruments|2500|1000|$0.1000|100|$0.1100|500|$0.1100|25|$0.1200|1|$0.1300|
SMCJ36A|Fairchild Semiconductor Corporation|9856|1000|$0.2800|500|$0.2900|100|$0.3100|25|$0.3200|1|$0.3400|
SMCJ45A|Fairchild Semiconductor Corporation|13347|1000|$0.2500|500|$0.2600|100|$0.2700|25|$0.2900|1|$0.3100|
SMCJ70A|Fairchild Semiconductor Corporation|19134|1000|$0.2800|500|$0.2900|100|$0.3100|25|$0.3200|1|$0.3400|
SMCJ9V0CA|Fairchild Semiconductor Corporation|23980|1000|$0.4700|500|$0.5000|100|$0.5200|25|$0.5400|1|$0.5800|
SMMUN2113LT1G|ON Semiconductor|30000|100|$0.0600|500|$0.0600|1000|$0.0600|1|$0.0700|25|$0.0700|
SMUN5211DW1T1G|ON Semiconductor|264000|500|$0.0900|1000|$0.0900|25|$0.1000|100|$0.1000|1|$0.1100|
PCA9515DP118|NXP Semiconductors|23662|1000|$0.6600|500|$0.7000|100|$0.7300|25|$0.7600|1|$0.8100|
BZT52H-B3V6115|NXP Semiconductors|75000|1000|$0.0400|1|$0.0500|25|$0.0500|100|$0.0500|500|$0.0500|
BZT52H-B3V9115|NXP Semiconductors|30000|1000|$0.0400|1|$0.0500|25|$0.0500|100|$0.0500|500|$0.0500|
BZT52H-C75115|NXP Semiconductors|103689|1000|$0.0400|1|$0.0500|25|$0.0500|100|$0.0500|500|$0.0500|
OPA2374AIDCNR|Texas Instruments|5342|1000|$0.9600|500|$1.0100|100|$1.0500|25|$1.0900|1|$1.1800|
HLMP-1540|Fairchild Semiconductor Corporation|500|1000|$0.0700|25|$0.0800|100|$0.0800|500|$0.0800|1|$0.0900|
BSZ900N15NS3G|Infineon Technologies AG|1037|1000|$0.4600|500|$0.4800|100|$0.5000|25|$0.5200|1|$0.5600|
BTM7811K|Infineon Technologies AG|3|1000|$6.1800|500|$6.5000|100|$6.7700|25|$7.0600|1|$7.6000|
FIN3386MTDX|Fairchild Semiconductor Corporation|8295|1000|$3.9700|500|$4.1800|100|$4.3500|25|$4.5400|1|$4.8900|
BAT54S/S501215|NXP Semiconductors|216000|25|$0.0300|100|$0.0300|500|$0.0300|1000|$0.0300|1|$0.0400|
BAT54S215|NXP Semiconductors|1876600|25|$0.0300|100|$0.0300|500|$0.0300|1000|$0.0300|1|$0.0400|
BAT54SW115BKN|NXP Semiconductors|2817|1000|$0.0700|25|$0.0800|100|$0.0800|500|$0.0800|1|$0.0900|
BAT54S235|NXP Semiconductors|50000|25|$0.0300|100|$0.0300|500|$0.0300|1000|$0.0300|1|$0.0400|
BAT54SW115|NXP Semiconductors|2160000|25|$0.0300|100|$0.0300|500|$0.0300|1000|$0.0300|1|$0.0400|
BAT54S/DG/B4215|NXP Semiconductors|87000|25|$0.0300|100|$0.0300|500|$0.0300|1000|$0.0300|1|$0.0400|
BAT54S/6235|NXP Semiconductors|200000|25|$0.0300|100|$0.0300|500|$0.0300|1000|$0.0300|1|$0.0400|
BAT54S/6215|NXP Semiconductors|225000|25|$0.0300|100|$0.0300|500|$0.0300|1000|$0.0300|1|$0.0400|
BAT54/S501215|NXP Semiconductors|15000|25|$0.0300|100|$0.0300|500|$0.0300|1000|$0.0300|1|$0.0400|
BAT54SWT1|ON Semiconductor|18221|1000|$0.0700|25|$0.0800|100|$0.0800|500|$0.0800|1|$0.0900|
NSVBAT54SWT1G|ON Semiconductor|3000|500|$0.0900|1000|$0.0900|25|$0.1000|100|$0.1000|1|$0.1100|
BAT54SWT1G|ON Semiconductor|652697|25|$0.0300|100|$0.0300|500|$0.0300|1000|$0.0300|1|$0.0400|
SBAT54SLT1|ON Semiconductor|6000|500|$0.0900|1000|$0.0900|25|$0.1000|100|$0.1000|1|$0.1100|
BAT54S|Fairchild Semiconductor Corporation|232|25|$0.0300|100|$0.0300|500|$0.0300|1000|$0.0300|1|$0.0400|
BAT54SWT1G|Fairchild Semiconductor Corporation|71244|25|$0.0300|100|$0.0300|500|$0.0300|1000|$0.0300|1|$0.0400|
4N35SVM|Fairchild Semiconductor Corporation|4064|1000|$0.2800|500|$0.2900|100|$0.3100|25|$0.3200|1|$0.3400|
NCV8675DS50R4G|ON Semiconductor|5159|1000|$1.3200|500|$1.3900|100|$1.4500|25|$1.5100|1|$1.6300|
NUD3105DMT1G|ON Semiconductor|500|1000|$0.2400|500|$0.2500|100|$0.2600|25|$0.2700|1|$0.2900|
NUF8610MNTXG|ON Semiconductor|24000|1000|$0.2100|500|$0.2200|100|$0.2300|25|$0.2400|1|$0.2500|
LMV981TLX/NOPB|Texas Instruments|354|1000|$0.7400|500|$0.7700|100|$0.8100|25|$0.8400|1|$0.9100|
LMV981TLX/NOPB|National Semiconductor Corporation|98940|1000|$0.7400|500|$0.7700|100|$0.8100|25|$0.8400|1|$0.9100|
LMX2531LQ1415E/NOPB|National Semiconductor Corporation|1247|1000|$7.1200|500|$7.4900|100|$7.8000|25|$8.1300|1|$8.7600|
LM7824CT|ON Semiconductor|2000|1000|$0.4900|500|$0.5100|100|$0.5300|25|$0.5600|1|$0.6000|
LM7824CT|Fairchild Semiconductor Corporation|22300|1000|$0.4900|500|$0.5100|100|$0.5300|25|$0.5600|1|$0.6000|
LM3102MHX/NOPB|National Semiconductor Corporation|27493|1000|$2.7900|500|$2.9400|100|$3.0600|25|$3.1900|1|$3.4400|
LM311N/NOPB|National Semiconductor Corporation|34925|1000|$0.3800|500|$0.4000|100|$0.4200|25|$0.4400|1|$0.4700|
LM317DCYR|Texas Instruments|5000|1000|$0.3100|500|$0.3300|100|$0.3400|25|$0.3500|1|$0.3800|
LM4041BIDBZR|Texas Instruments|8030|1000|$0.6300|500|$0.6700|100|$0.6900|25|$0.7200|1|$0.7800|
LM4041EIM3-1.2/NOPB|Texas Instruments|300|1000|$0.3100|500|$0.3300|100|$0.3400|25|$0.3500|1|$0.3800|
LM4041EIM3-1.2/NOPB|National Semiconductor Corporation|3294|1000|$0.3100|500|$0.3300|100|$0.3400|25|$0.3500|1|$0.3800|
LP2992AILD-3.3NOPB|Texas Instruments|220|1000|$0.5200|500|$0.5400|100|$0.5600|25|$0.5900|1|$0.6300|
LP2996MRX/NOPB|Texas Instruments|15000|1000|$0.7200|500|$0.7600|100|$0.7900|25|$0.8200|1|$0.8900|
LP2996MRX/NOPB|National Semiconductor Corporation|18461|1000|$0.7200|500|$0.7600|100|$0.7900|25|$0.8200|1|$0.8900|
LSF0101DRYR|Texas Instruments|112|1000|$0.2100|500|$0.2200|100|$0.2300|25|$0.2400|1|$0.2500|
MSP430G2001IRSA16R|Texas Instruments|6000|1000|$0.4900|500|$0.5100|100|$0.5300|25|$0.5600|1|$0.6000|
TLE7257SJXUMA1|Infineon Technologies AG|27300|1000|$0.2800|500|$0.2900|100|$0.3100|25|$0.3200|1|$0.3400|
LP2952IMX/NOPB|Texas Instruments|2500|1000|$1.1800|500|$1.2400|100|$1.2900|25|$1.3500|1|$1.4500|
LP2952IMX/NOPB|National Semiconductor Corporation|55757|1000|$1.1800|500|$1.2400|100|$1.2900|25|$1.3500|1|$1.4500|
LP2954ISX/NOPB|Texas Instruments|500|1000|$1.8400|500|$1.9400|100|$2.0200|25|$2.1000|1|$2.2600|
LP2954ISX/NOPB|National Semiconductor Corporation|5400|1000|$1.8400|500|$1.9400|100|$2.0200|25|$2.1000|1|$2.2600|
LP2966IMM-1833/NOPB|National Semiconductor Corporation|2724|1000|$1.0300|500|$1.0800|100|$1.1300|25|$1.1800|1|$1.2700|
LP2980AIM5X-3.0/NOPB|National Semiconductor Corporation|1125|1000|$0.2900|500|$0.3100|100|$0.3200|25|$0.3400|1|$0.3600|
LP2981-30DBVR|Texas Instruments|1290|1000|$0.2500|500|$0.2600|100|$0.2700|25|$0.2900|1|$0.3100|
LP2981A-33DBVR|Texas Instruments|79799|1000|$0.2800|500|$0.2900|100|$0.3100|25|$0.3200|1|$0.3400|
LP2981AIM5-3.3/NOPB|National Semiconductor Corporation|7945|1000|$0.4600|500|$0.4800|100|$0.5000|25|$0.5200|1|$0.5600|
IFX1763XEJV33XUMA1|Infineon Technologies AG|5616|1000|$0.4300|500|$0.4500|100|$0.4700|25|$0.4900|1|$0.5300|
MCZ34670EGR2|Freescale Semiconductor|600|1000|$2.6300|500|$2.7700|100|$2.8900|25|$3.0100|1|$3.2400|
MK10DX128VFM5|Freescale Semiconductor|490|1000|$2.9600|500|$3.1100|100|$3.2400|25|$3.3800|1|$3.6400|
FQD9N25TM|Fairchild Semiconductor Corporation|28436|1000|$0.5200|500|$0.5400|100|$0.5600|25|$0.5900|1|$0.6300|
FQP13N10L|Fairchild Semiconductor Corporation|1000|1000|$0.5700|500|$0.6000|100|$0.6300|25|$0.6600|1|$0.7100|
FQP6N40C|Fairchild Semiconductor Corporation|454971|1000|$0.6500|500|$0.6800|100|$0.7100|25|$0.7400|1|$0.8000|
FQP6N40CF|Fairchild Semiconductor Corporation|6165|1000|$1.0900|500|$1.1500|100|$1.1900|25|$1.2400|1|$1.3400|
ISL80019IRZ-T7A|Intersil Corporation|273|1000|$1.5900|500|$1.6700|100|$1.7400|25|$1.8200|1|$1.9600|
ISL8845AABZ|Intersil Corporation|961|1000|$2.4700|500|$2.6000|100|$2.7100|25|$2.8200|1|$3.0400|
TLV5618AQDR|Texas Instruments|7235|1000|$9.8700|500|$10.3900|100|$10.8100|25|$11.2800|1|$12.1500|
TLV5618AQDRG4|Texas Instruments|12162|1000|$9.8700|500|$10.3900|100|$10.8100|25|$11.2800|1|$12.1500|
ADP31890001CPZR|Analog Devices Inc|147500|1000|$2.2900|500|$2.4200|100|$2.5100|25|$2.6200|1|$2.8200|
ITS4100S-SJ-N|Infineon Technologies AG|39537|1000|$0.7100|500|$0.7400|100|$0.7700|25|$0.8100|1|$0.8700|
ITS4100SSJNXUMA1|Infineon Technologies AG|41567|1000|$0.7100|500|$0.7400|100|$0.7700|25|$0.8100|1|$0.8700|
LMZ12001TZ-ADJ/NOPB|National Semiconductor Corporation|24|1000|$6.3400|500|$6.6700|100|$6.9500|25|$7.2400|1|$7.8000|
LMZ12001TZE-ADJ/NOPB|National Semiconductor Corporation|847|1000|$6.6000|500|$6.9500|100|$7.2400|25|$7.5500|1|$8.1300|
BC859BMTF|Fairchild Semiconductor Corporation|99000|1|$0.0200|25|$0.0200|100|$0.0200|500|$0.0200|1000|$0.0200|
BAS16E6393|Infineon Technologies AG|144000|25|$0.0300|100|$0.0300|500|$0.0300|1000|$0.0300|1|$0.0400|
MAX4372TEUK-T|Maxim Integrated Products|177500|1000|$1.1800|500|$1.2400|100|$1.2900|25|$1.3500|1|$1.4500|
MAX4376FAUK-T|Maxim Integrated Products|10000|1000|$1.5000|500|$1.5800|100|$1.6400|25|$1.7100|1|$1.8500|
LMX2531LQ1910E/NOPB|National Semiconductor Corporation|690|1000|$8.1900|500|$8.6200|100|$8.9800|25|$9.3600|1|$10.0800|
LMX2541SQ3320E/NOPB|Texas Instruments|14290|1000|$8.4100|500|$8.8500|100|$9.2200|25|$9.6100|1|$10.3500|
LMX2541SQ3320E/NOPB|National Semiconductor Corporation|150|1000|$8.4100|500|$8.8500|100|$9.2200|25|$9.6100|1|$10.3500|
LM320T-15/NOPB|National Semiconductor Corporation|1306|1000|$0.7400|500|$0.7700|100|$0.8100|25|$0.8400|1|$0.9100|
SN74LVC1G17QDBVRQ1|Texas Instruments|286333|500|$0.0900|1000|$0.0900|25|$0.1000|100|$0.1000|1|$0.1100|
SN74LVC1G27DCKR|Texas Instruments|110551|500|$0.0900|1000|$0.0900|25|$0.1000|100|$0.1000|1|$0.1100|
SN74LVC1G386DCKR|Texas Instruments|518649|1000|$0.1000|100|$0.1100|500|$0.1100|25|$0.1200|1|$0.1300|
SN74LVC1G38DBVR|Texas Instruments|92215|1000|$0.1000|100|$0.1100|500|$0.1100|25|$0.1200|1|$0.1300|
SN74LVC1G66DSFR|Texas Instruments|1898689|500|$0.1200|1000|$0.1200|25|$0.1300|100|$0.1300|1|$0.1500|
TDA5200|Infineon Technologies AG|5|1000|$1.3700|500|$1.4400|100|$1.5000|25|$1.5600|1|$1.6800|
TLE4269GXUMA1|Infineon Technologies AG|6500|1000|$0.8400|500|$0.8800|100|$0.9200|25|$0.9600|1|$1.0300|
SN65HVD231QDRQ1|Texas Instruments|3900|1000|$1.3700|500|$1.4400|100|$1.5000|25|$1.5600|1|$1.6800|
SN65HVD231QDRQ1|National Semiconductor Corporation|17258|1000|$1.3700|500|$1.4400|100|$1.5000|25|$1.5600|1|$1.6800|
SN74ACT32PWR|Texas Instruments|103000|1000|$0.1800|100|$0.1900|500|$0.1900|25|$0.2000|1|$0.2200|
CDCL1810RGZT|Texas Instruments|13055|1000|$10.4000|500|$10.9400|100|$11.3900|25|$11.8800|1|$12.8000|
CDCL6010RGZT|Texas Instruments|13004|1000|$11.9600|500|$12.5900|100|$13.1000|25|$13.6600|1|$14.7200|
SNJ54HC00J|Texas Instruments|351|1000|$5.6900|500|$5.9900|100|$6.2400|25|$6.5000|1|$7.0100|
MT9V022IA7ATM-DR|ON Semiconductor|1596|1000|$21.6300|500|$22.7700|100|$23.7100|25|$24.7200|1|$26.6200|
MT9V022IA7ATM-DR1|ON Semiconductor|3018|1000|$27.0400|500|$28.4700|100|$29.6400|25|$30.9100|1|$33.2900|
MT9V022IA7ATM_DR|Aptina Imaging|160|1000|$16.9100|500|$17.8000|100|$18.5300|25|$19.3300|1|$20.8100|
NB3N2304NZDTR2G|ON Semiconductor|25725|1000|$1.0600|500|$1.1200|100|$1.1600|25|$1.2100|1|$1.3000|
NB3RL02FCT2G|ON Semiconductor|52878|1000|$0.9900|500|$1.0400|100|$1.0800|25|$1.1300|1|$1.2100|
NCV1124DR2G|ON Semiconductor|46816|1000|$1.2700|500|$1.3300|100|$1.3900|25|$1.4500|1|$1.5600|
NCV2901DR2G|ON Semiconductor|11610|1000|$0.1900|500|$0.2000|100|$0.2100|25|$0.2200|1|$0.2400|
SN74LV4046APWR|Texas Instruments|27295|1000|$0.6200|500|$0.6500|100|$0.6800|25|$0.7100|1|$0.7600|
LM2940CS-5.0/NOPB|Texas Instruments|145|1000|$1.0700|500|$1.1300|100|$1.1800|25|$1.2300|1|$1.3200|
LM2940CS-5.0/NOPB|National Semiconductor Corporation|90|1000|$1.0700|500|$1.1300|100|$1.1800|25|$1.2300|1|$1.3200|
LM2940IMP-9.0/NOPB|Texas Instruments|777|1000|$1.0600|500|$1.1200|100|$1.1600|25|$1.2100|1|$1.3000|
LM2940IMP-9.0/NOPB|National Semiconductor Corporation|298|1000|$1.0600|500|$1.1200|100|$1.1600|25|$1.2100|1|$1.3000|
SLS32AIA020A4USON10XTMA2|Infineon Technologies AG|4000|1000|$0.9700|500|$1.0200|100|$1.0600|25|$1.1100|1|$1.2000|
LM2931AZ-5.0/NOPB|Texas Instruments|615|1000|$0.3200|500|$0.3400|100|$0.3600|25|$0.3700|1|$0.4000|
LM2931AZ-5.0/NOPB|National Semiconductor Corporation|72955|1000|$0.3200|500|$0.3400|100|$0.3600|25|$0.3700|1|$0.4000|
LM2931CM/NOPB|National Semiconductor Corporation|3342|1000|$0.4300|500|$0.4500|100|$0.4700|25|$0.4900|1|$0.5300|
LM2937ET-3.3/NOPB|National Semiconductor Corporation|1498|1000|$0.8500|500|$0.9000|100|$0.9400|25|$0.9800|1|$1.0500|
LM2937IMPX-15/NOPB|National Semiconductor Corporation|983|1000|$0.8800|500|$0.9300|100|$0.9700|25|$1.0100|1|$1.0900|
LM293P|Texas Instruments|738628|500|$0.1200|1000|$0.1200|25|$0.1300|100|$0.1300|1|$0.1500|
LM293PE4|Texas Instruments|4500|500|$0.1200|1000|$0.1200|25|$0.1300|100|$0.1300|1|$0.1500|
NCV303LSN28T1G|ON Semiconductor|43455|1000|$0.5300|500|$0.5600|100|$0.5800|25|$0.6100|1|$0.6500|
PBHV9115Z115|NXP Semiconductors|13200|1000|$0.1600|500|$0.1700|100|$0.1800|25|$0.1900|1|$0.2000|
TMP75AIDGKR|Texas Instruments|1219|1000|$0.3500|500|$0.3700|100|$0.3900|25|$0.4000|1|$0.4300|
TMP75AIDGKT|Texas Instruments|80|1000|$0.4100|500|$0.4300|100|$0.4500|25|$0.4700|1|$0.5100|
TLF80511EJV50XUMA1|Infineon Technologies AG|12500|1000|$0.5400|500|$0.5700|100|$0.6000|25|$0.6200|1|$0.6700|
TLS205B0EJV50XUMA1|Infineon Technologies AG|20000|1000|$0.6200|500|$0.6500|100|$0.6800|25|$0.7100|1|$0.7600|
NCP51200MNTXG|ON Semiconductor|74192|1000|$0.4100|500|$0.4300|100|$0.4500|25|$0.4700|1|$0.5100|
PN5321A3HN/C10655|NXP Semiconductors|385|1000|$6.7200|500|$7.0700|100|$7.3700|25|$7.6800|1|$8.2700|
PN5321A3HN/C106;55|NXP Semiconductors|185|1000|$6.7200|500|$7.0700|100|$7.3700|25|$7.6800|1|$8.2700|
PN5321A3HN/C106551|NXP Semiconductors|5830|1000|$6.0900|500|$6.4100|100|$6.6700|25|$6.9600|1|$7.4900|
S912XEQ384J3VAL|Freescale Semiconductor|2281|1000|$11.8800|500|$12.5100|100|$13.0200|25|$13.5800|1|$14.6200|
S912XET256J2MAL|Freescale Semiconductor|3742|1000|$10.2800|500|$10.8200|100|$11.2700|25|$11.7500|1|$12.6500|
S912XET256J2MALR|Freescale Semiconductor|291|1000|$10.2800|500|$10.8200|100|$11.2700|25|$11.7500|1|$12.6500|
OPA343NA/3K|Texas Instruments|58915|1000|$1.1300|500|$1.1900|100|$1.2400|25|$1.2900|1|$1.3900|
OPA358AIDCKR|Texas Instruments|27000|1000|$0.5900|500|$0.6200|100|$0.6500|25|$0.6700|1|$0.7200|
OPA364IDBVR|Texas Instruments|20|1000|$1.2400|500|$1.3000|100|$1.3500|25|$1.4100|1|$1.5200|
BAT54CWT1G|Fairchild Semiconductor Corporation|59423|25|$0.0300|100|$0.0300|500|$0.0300|1000|$0.0300|1|$0.0400|
BAT54WT1G|ON Semiconductor|1937990|25|$0.0300|100|$0.0300|500|$0.0300|1000|$0.0300|1|$0.0400|
NSVBAT54WT1G|ON Semiconductor|78000|500|$0.0900|1000|$0.0900|25|$0.1000|100|$0.1000|1|$0.1100|
BC807-40LT1G|ON Semiconductor|9448795|1|$0.0200|25|$0.0200|100|$0.0200|500|$0.0200|1000|$0.0200|
SBC807-40LT1G|ON Semiconductor|15000|25|$0.0300|100|$0.0300|500|$0.0300|1000|$0.0300|1|$0.0400|
NCP3232NMNTXG|ON Semiconductor|6690|1000|$1.7900|500|$1.8900|100|$1.9700|25|$2.0500|1|$2.2100|
NCP3335ADMADJR2G|ON Semiconductor|11039|1000|$0.5600|500|$0.5900|100|$0.6100|25|$0.6400|1|$0.6900|
NCP367OPMUEOTBG|ON Semiconductor|216400|1000|$0.4000|500|$0.4200|100|$0.4400|25|$0.4500|1|$0.4900|
NCP4589DMX28TCG|ON Semiconductor|24960|1000|$0.4100|500|$0.4300|100|$0.4500|25|$0.4700|1|$0.5100|
NCP4620HSN50T1G|ON Semiconductor|18000|1000|$0.3500|500|$0.3700|100|$0.3900|25|$0.4000|1|$0.4300|
S9S08DZ32F2CLH|NXP Semiconductors|1240|1000|$4.8700|500|$5.1200|100|$5.3300|25|$5.5600|1|$5.9900|
SN74AUP2G125YZPR|Texas Instruments|14556|1000|$0.2700|500|$0.2800|100|$0.2900|25|$0.3000|1|$0.3300|
TPS54062DRBR|Texas Instruments|1526|1000|$0.9700|500|$1.0200|100|$1.0600|25|$1.1100|1|$1.2000|
TPS5410DR|Texas Instruments|2028|1000|$1.4300|500|$1.5000|100|$1.5600|25|$1.6300|1|$1.7600|
TPS54120RGYR|Texas Instruments|7645|1000|$1.9400|500|$2.0400|100|$2.1300|25|$2.2200|1|$2.3900|
TPS54140DGQR|Texas Instruments|58|1000|$1.2400|500|$1.3000|100|$1.3500|25|$1.4100|1|$1.5200|
TPS54140EVM-429|Texas Instruments|25|1000|$21.5700|500|$22.7100|100|$23.6400|25|$24.6600|1|$26.5500|
TPS54226PWPR|Texas Instruments|185154|1000|$0.8500|500|$0.9000|100|$0.9400|25|$0.9800|1|$1.0500|
TPS54239DDA|Texas Instruments|19910|1000|$0.9400|500|$0.9900|100|$1.0300|25|$1.0800|1|$1.1600|
TPS54239DDAR|Texas Instruments|1625|1000|$0.7800|500|$0.8200|100|$0.8500|25|$0.8900|1|$0.9600|
P6KE170A|ON Semiconductor|10000|1000|$0.1900|500|$0.2000|100|$0.2100|25|$0.2200|1|$0.2400|
P6KE170AG|ON Semiconductor|10000|1000|$0.1900|500|$0.2000|100|$0.2100|25|$0.2200|1|$0.2400|
PCA8536AT/Q900/1118|NXP Semiconductors|1484|1000|$1.2900|500|$1.3600|100|$1.4200|25|$1.4800|1|$1.5900|
PCA9306DP118|NXP Semiconductors|7859|1000|$0.2800|500|$0.2900|100|$0.3100|25|$0.3200|1|$0.3400|
PCA9516APW118|NXP Semiconductors|4863|1000|$1.0900|500|$1.1500|100|$1.1900|25|$1.2400|1|$1.3400|
PCA9518PW118|NXP Semiconductors|1921|1000|$1.1300|500|$1.1900|100|$1.2400|25|$1.2900|1|$1.3900|
PCA9533DP/01118|NXP Semiconductors|2500|1000|$0.8400|500|$0.8800|100|$0.9200|25|$0.9600|1|$1.0300|
CY7C341-30HMB|Cypress Semiconductor|64|1000|$609.4100|500|$641.4900|100|$667.8500|25|$696.4700|1|$750.0500|
R534130|Rochester Electronics LLC|21|1000|$212.0500|500|$219.2800|100|$227.0200|25|$235.3300|1|$244.2600|
NC7SZ05P5X|Fairchild Semiconductor Corporation|345528|100|$0.0600|500|$0.0600|1000|$0.0600|1|$0.0700|25|$0.0700|
NC7SZ125L6X|Fairchild Semiconductor Corporation|237935|1000|$0.1900|500|$0.2000|100|$0.2100|25|$0.2200|1|$0.2400|
NRVA4004T3G|ON Semiconductor|5000|1000|$0.1000|100|$0.1100|500|$0.1100|25|$0.1200|1|$0.1300|
DRV8814PWPR|Texas Instruments|121|1000|$2.0200|500|$2.1200|100|$2.2100|25|$2.3000|1|$2.4800|
DRV8821DCA|Texas Instruments|98|1000|$3.1200|500|$3.2800|100|$3.4200|25|$3.5600|1|$3.8400|
DRV8821DCAR|Texas Instruments|9498|1000|$2.5900|500|$2.7200|100|$2.8400|25|$2.9600|1|$3.1900|
MK30DX256VLL7|NXP Semiconductors|90|1000|$5.8800|500|$6.1900|100|$6.4500|25|$6.7200|1|$7.2400|
MK60DN256ZVLL10|Freescale Semiconductor|5|1000|$7.0700|500|$7.4500|100|$7.7500|25|$8.0800|1|$8.7100|
JM38510/65701BCA|Texas Instruments|2|1000|$17.1200|500|$18.0200|100|$18.7600|25|$19.5600|1|$21.0700|
JM38510/65701BCA|Harris Semiconductor|171|1000|$21.1800|500|$22.2900|100|$23.2100|25|$24.2000|1|$26.0600|
LF347D|Texas Instruments|35396|1000|$0.3200|500|$0.3400|100|$0.3600|25|$0.3700|1|$0.4000|
LF347D963|Texas Instruments|1000|1000|$0.1800|100|$0.1900|500|$0.1900|25|$0.2000|1|$0.2200|
LF353MX/NOPB|National Semiconductor Corporation|216|1000|$0.4700|500|$0.5000|100|$0.5200|25|$0.5400|1|$0.5800|
LF442ACN/NOPB|Texas Instruments|10829|1000|$2.7800|500|$2.9300|100|$3.0500|25|$3.1800|1|$3.4200|
LF442ACN/NOPB|National Semiconductor Corporation|6535|1000|$2.7800|500|$2.9300|100|$3.0500|25|$3.1800|1|$3.4200|
LF444ACN/NOPB|Texas Instruments|3025|1000|$1.5000|500|$1.5800|100|$1.6400|25|$1.7100|1|$1.8500|
LF444ACN/NOPB|National Semiconductor Corporation|1324|1000|$1.5000|500|$1.5800|100|$1.6400|25|$1.7100|1|$1.8500|
INA197AIDBVT|Texas Instruments|427|1000|$1.2800|500|$1.3500|100|$1.4000|25|$1.4600|1|$1.5800|
INA199A1RSWT|Texas Instruments|34980|1000|$0.3800|500|$0.4000|100|$0.4200|25|$0.4400|1|$0.4700|
INA199B2DCKR|Texas Instruments|439|1000|$0.3200|500|$0.3400|100|$0.3600|25|$0.3700|1|$0.4000|
INA2126UA|Texas Instruments|7300|1000|$2.9700|500|$3.1300|100|$3.2600|25|$3.4000|1|$3.6600|
INA2126UA|Texas Instruments|1195|1000|$2.9700|500|$3.1300|100|$3.2600|25|$3.4000|1|$3.6600|
INA2126UAG4|Texas Instruments|120|1000|$2.9700|500|$3.1300|100|$3.2600|25|$3.4000|1|$3.6600|
HVDA553QDRQ1|Texas Instruments|2486|1000|$1.0300|500|$1.0800|100|$1.1300|25|$1.1800|1|$1.2700|
PDTA143XT215|NXP Semiconductors|574457|25|$0.0300|100|$0.0300|500|$0.0300|1000|$0.0300|1|$0.0400|
LPC11U24FHI33/301|NXP Semiconductors|430|1000|$1.9600|500|$2.0600|100|$2.1400|25|$2.2400|1|$2.4100|
LPC2138FBD64/0115|NXP Semiconductors|130|1000|$10.2700|500|$10.8100|100|$11.2500|25|$11.7300|1|$12.6300|
LPC2138FBD64/01151|NXP Semiconductors|45636|1000|$9.2200|500|$9.7100|100|$10.1100|25|$10.5400|1|$11.3500|
LPC2138FBD640115|NXP Semiconductors|22|1000|$8.8200|500|$9.2900|100|$9.6700|25|$10.0800|1|$10.8600|
LPC2368FET100518|NXP Semiconductors|11340|1000|$9.0000|500|$9.4700|100|$9.8600|25|$10.2900|1|$11.0800|
MC9S12XDT256VAA|Freescale Semiconductor|11|1000|$16.2700|500|$17.1200|100|$17.8200|25|$18.5900|1|$20.0200|
MC9S12XET256MAG|Freescale Semiconductor|2949|1000|$9.7500|500|$10.2600|100|$10.6900|25|$11.1400|1|$12.0000|
MC9S12XS64CAE|Freescale Semiconductor|2532|1000|$5.6000|500|$5.9000|100|$6.1400|25|$6.4000|1|$6.9000|
MCF51AC256BCFUE|NXP Semiconductors|409|1000|$6.9600|500|$7.3200|100|$7.6200|25|$7.9500|1|$8.5600|
MCF51AC256BCFUE|Freescale Semiconductor|9|1000|$6.9600|500|$7.3200|100|$7.6200|25|$7.9500|1|$8.5600|
MCF5211CAE66|Freescale Semiconductor|800|1000|$8.5700|500|$9.0300|100|$9.4000|25|$9.8000|1|$10.5500|
MCF52255CAF80|Freescale Semiconductor|27|1000|$12.0600|500|$12.6900|100|$13.2200|25|$13.7800|1|$14.8400|
MCF5274CVM166|Freescale Semiconductor|155|1000|$25.1300|500|$26.4600|100|$27.5400|25|$28.7200|1|$30.9300|
MCF5281CVM66J|Freescale Semiconductor|250|1000|$28.3200|500|$29.8100|100|$31.0400|25|$32.3700|1|$34.8600|
MCF5407AI220|Freescale Semiconductor|52|1000|$52.3100|500|$55.0600|100|$57.3300|25|$59.7800|1|$64.3800|
MCF5407AI220|Motorola Mobility LLC|22|1000|$52.3100|500|$55.0600|100|$57.3300|25|$59.7800|1|$64.3800|
MC13202FC|Freescale Semiconductor|3092|1000|$4.5400|500|$4.7800|100|$4.9800|25|$5.1900|1|$5.5900|
MC13202FCR2|Freescale Semiconductor|1000|1000|$4.5400|500|$4.7800|100|$4.9800|25|$5.1900|1|$5.5900|
MC13892DJVK|Freescale Semiconductor|11749|1000|$4.6800|500|$4.9200|100|$5.1300|25|$5.3500|1|$5.7600|
MPC860DEZQ50D4|Freescale Semiconductor|3|1000|$59.4100|500|$62.5400|100|$65.1100|25|$67.9000|1|$73.1200|
MPC860ENZQ50D4|Freescale Semiconductor|226|1000|$71.6500|500|$75.4200|100|$78.5200|25|$81.8800|1|$88.1800|
MPC860ENZQ50D4R|Freescale Semiconductor|180|1000|$71.6500|500|$75.4200|100|$78.5200|25|$81.8800|1|$88.1800|
MPC860ENZQ50D4R2|Freescale Semiconductor|900|1000|$71.6500|500|$75.4200|100|$78.5200|25|$81.8800|1|$88.1800|
MPC860ENZQ50D4|Motorola Mobility LLC|4|1000|$71.6500|500|$75.4200|100|$78.5200|25|$81.8800|1|$88.1800|
MPC860PCZQ50D4|NXP Semiconductors|41|1000|$103.2700|500|$108.7000|100|$113.1700|25|$118.0200|1|$127.1000|
MPC860PCZQ50D4|Freescale Semiconductor|1232|1000|$103.2700|500|$108.7000|100|$113.1700|25|$118.0200|1|$127.1000|
MPC866PCVR100A|Freescale Semiconductor|7|1000|$103.1200|500|$108.5500|100|$113.0100|25|$117.8500|1|$126.9100|
MPXC2011DT1|Freescale Semiconductor|247|1000|$6.6600|500|$7.0100|100|$7.3000|25|$7.6100|1|$8.2000|
MPXHZ6115AC6U|Freescale Semiconductor|19|1000|$7.9700|500|$8.3900|100|$8.7400|25|$9.1100|1|$9.8100|
MPXHZ6116A6U|Freescale Semiconductor|260|1000|$7.6600|500|$8.0700|100|$8.4000|25|$8.7600|1|$9.4300|
MPXM2010D|Freescale Semiconductor|208|1000|$5.2200|500|$5.5000|100|$5.7200|25|$5.9700|1|$6.4300|
MPXM2102GS|Freescale Semiconductor|1387|1000|$5.9900|500|$6.3000|100|$6.5600|25|$6.8400|1|$7.3700|
MK82FN256VDC15|Freescale Semiconductor|98|1000|$9.2500|500|$9.7400|100|$10.1400|25|$10.5700|1|$11.3900|
MKE04Z8VWJ4|NXP Semiconductors|11|1000|$0.7900|500|$0.8400|100|$0.8700|25|$0.9100|1|$0.9800|
MKE04Z8VWJ4|Freescale Semiconductor|46|1000|$0.7900|500|$0.8400|100|$0.8700|25|$0.9100|1|$0.9800|
LM4132AMF-2.5/NOPB|Texas Instruments|39|1000|$1.6900|500|$1.7800|100|$1.8500|25|$1.9300|1|$2.0800|
LM4132AMF-2.5/NOPB|National Semiconductor Corporation|38|1000|$1.6900|500|$1.7800|100|$1.8500|25|$1.9300|1|$2.0800|
LM4132AMF-4.1/NOPB|Texas Instruments|1032|1000|$1.6900|500|$1.7800|100|$1.8500|25|$1.9300|1|$2.0800|
LM4132AMF-4.1/NOPB|National Semiconductor Corporation|6381|1000|$1.6900|500|$1.7800|100|$1.8500|25|$1.9300|1|$2.0800|
LM4132BMF-1.8/NOPB|Texas Instruments|157|1000|$1.2900|500|$1.3600|100|$1.4200|25|$1.4800|1|$1.5900|
LM4132BMF-1.8/NOPB|National Semiconductor Corporation|878|1000|$1.2900|500|$1.3600|100|$1.4200|25|$1.4800|1|$1.5900|
LM431AIMX/NOPB|National Semiconductor Corporation|45000|1000|$0.2400|500|$0.2500|100|$0.2600|25|$0.2700|1|$0.2900|
LMV824MX/NOPB|Texas Instruments|12500|1000|$0.7400|500|$0.7700|100|$0.8100|25|$0.8400|1|$0.9100|
LMV824MX/NOPB|National Semiconductor Corporation|40100|1000|$0.7400|500|$0.7700|100|$0.8100|25|$0.8400|1|$0.9100|
LMV931MF/NOPB|Texas Instruments|251|1000|$0.5900|500|$0.6200|100|$0.6500|25|$0.6700|1|$0.7200|
LMV931MF/NOPB|National Semiconductor Corporation|36568|1000|$0.5900|500|$0.6200|100|$0.6500|25|$0.6700|1|$0.7200|
MAX817LCSA|Maxim Integrated Products|22|1000|$3.6000|500|$3.7900|100|$3.9500|25|$4.1200|1|$4.4300|
MAX8215EPD|Maxim Integrated Products|2118|1000|$4.4300|500|$4.6600|100|$4.8500|25|$5.0600|1|$5.4500|
MAX822SUS-T|Maxim Integrated Products|7500|1000|$1.3200|500|$1.3900|100|$1.4500|25|$1.5100|1|$1.6300|
MAX837EUS-T|Maxim Integrated Products|2500|1000|$1.3100|500|$1.3800|100|$1.4300|25|$1.5000|1|$1.6100|
MAX845ESA|Maxim Integrated Products|4100|1000|$2.4300|500|$2.5500|100|$2.6600|25|$2.7700|1|$2.9900|
MAX845ESA-T|Maxim Integrated Products|3183|1000|$2.3800|500|$2.5100|100|$2.6100|25|$2.7200|1|$2.9300|
LM2596SX-3.3/NOPB|Texas Instruments|5512|1000|$2.6500|500|$2.7900|100|$2.9000|25|$3.0300|1|$3.2600|
LM2596SX-3.3/NOPB|National Semiconductor Corporation|3093|1000|$2.6500|500|$2.7900|100|$2.9000|25|$3.0300|1|$3.2600|
LM26420Q1XMHX/NOPB|Texas Instruments|49134|1000|$2.0200|500|$2.1200|100|$2.2100|25|$2.3000|1|$2.4800|
LM2651MTCX-3.3/NOPB|National Semiconductor Corporation|4765|1000|$1.9100|500|$2.0100|100|$2.1000|25|$2.1900|1|$2.3500|
SA604AD/01118|NXP Semiconductors|7500|1000|$3.1000|500|$3.2700|100|$3.4000|25|$3.5500|1|$3.8200|
SC16C654BIB64151|NXP Semiconductors|36|1000|$7.0200|500|$7.3800|100|$7.6900|25|$8.0200|1|$8.6300|
NVT2008PW118|NXP Semiconductors|143|1000|$0.4000|500|$0.4200|100|$0.4400|25|$0.4500|1|$0.4900|
NX3L4684GM115|NXP Semiconductors|9500|1000|$0.2900|500|$0.3100|100|$0.3200|25|$0.3400|1|$0.3600|
P2020NSN2KFC|Freescale Semiconductor|135|1000|$92.7700|500|$97.6500|100|$101.6600|25|$106.0200|1|$114.1700|
P2040NSN7FLC|Freescale Semiconductor|55|1000|$116.2700|500|$122.3800|100|$127.4100|25|$132.8700|1|$143.1000|
DS90UB913QSQX/NOPB|Texas Instruments|4500|1000|$6.0200|500|$6.3300|100|$6.5900|25|$6.8700|1|$7.4000|
SAF-C164CI-8EMCB|Infineon Technologies AG|70|1000|$17.0200|500|$17.9100|100|$18.6500|25|$19.4500|1|$20.9400|
ATMEGA32U2-MU|Atmel Corporation|16779|1000|$3.1600|500|$3.3300|100|$3.4700|25|$3.6100|1|$3.8900|
ATMEGA48-20AUR|Atmel Corporation|2476|1000|$2.0400|500|$2.1500|100|$2.2400|25|$2.3400|1|$2.5200|
ATMEGA48PA-MU|Atmel Corporation|6080|1000|$1.3200|500|$1.3900|100|$1.4500|25|$1.5100|1|$1.6300|
ATMEGA8-16AUR|Atmel Corporation|2266|1000|$2.6300|500|$2.7700|100|$2.8900|25|$3.0100|1|$3.2400|
MKL43Z256VLH4|NXP Semiconductors|160|1000|$4.0000|500|$4.2100|100|$4.3800|25|$4.5700|1|$4.9200|
MKL43Z256VLH4|Freescale Semiconductor|640|1000|$4.0000|500|$4.2100|100|$4.3800|25|$4.5700|1|$4.9200|
MC100LVEP210FAG|ON Semiconductor|2890|1000|$14.3800|500|$15.1400|100|$15.7600|25|$16.4400|1|$17.7000|
MC10EL16DG|ON Semiconductor|5956|1000|$3.6800|500|$3.8700|100|$4.0300|25|$4.2000|1|$4.5300|
MC74ACT373DWG|ON Semiconductor|10522|1000|$0.3200|500|$0.3400|100|$0.3600|25|$0.3700|1|$0.4000|
MC74ACT640DWG|ON Semiconductor|9956|1000|$1.3800|500|$1.4600|100|$1.5200|25|$1.5800|1|$1.7000|
MUN5113T1G|ON Semiconductor|306000|1|$0.0200|25|$0.0200|100|$0.0200|500|$0.0200|1000|$0.0200|
SMUN5113T1G|ON Semiconductor|81000|1|$0.0200|25|$0.0200|100|$0.0200|500|$0.0200|1000|$0.0200|
NE555PWR|Texas Instruments|78854|1000|$0.1000|100|$0.1100|500|$0.1100|25|$0.1200|1|$0.1300|
AT42QT1040-MMH|Atmel Corporation|6000|1000|$1.3700|500|$1.4400|100|$1.5000|25|$1.5600|1|$1.6800|
AT80C51RD2-SLSUM|Atmel Corporation|2401|1000|$1.5400|500|$1.6300|100|$1.6900|25|$1.7700|1|$1.9000|
BTS3205G|Infineon Technologies AG|9954|1000|$0.4300|500|$0.4500|100|$0.4700|25|$0.4900|1|$0.5300|
DS90LV028ATLD/NOPB|National Semiconductor Corporation|1722|1000|$1.0900|500|$1.1500|100|$1.1900|25|$1.2400|1|$1.3400|
DS90UB925QSQX/NOPB|Texas Instruments|2500|1000|$7.7700|500|$8.1700|100|$8.5100|25|$8.8700|1|$9.5600|
SN74LS38DR|Texas Instruments|19862|1000|$0.3700|500|$0.3900|100|$0.4000|25|$0.4200|1|$0.4500|
SN74LS38DR2||0|500|$0.1200|1000|$0.1200|25|$0.1300|100|$0.1300|1|$0.1500|
BC850BLT1G|ON Semiconductor|423000|1|$0.0200|25|$0.0200|100|$0.0200|500|$0.0200|1000|$0.0200|
MCIMX6X1CVK08AB|NXP Semiconductors|252|1000|$19.9700|500|$21.0200|100|$21.8900|25|$22.8200|1|$24.5800|
MCIMX6X1CVK08AB557|NXP Semiconductors|760|1000|$19.9700|500|$21.0200|100|$21.8900|25|$22.8200|1|$24.5800|
MCR20AVHM|NXP Semiconductors|490|1000|$1.9000|500|$2.0000|100|$2.0800|25|$2.1700|1|$2.3400|
MK10DX256VLL7|Freescale Semiconductor|7|1000|$5.2900|500|$5.5700|100|$5.8000|25|$6.0500|1|$6.5200|
DS90UR124QVSX/NOPB|Texas Instruments|2700|1000|$6.2100|500|$6.5300|100|$6.8000|25|$7.0900|1|$7.6400|
DS90UR124QVSX/NOPB|National Semiconductor Corporation|9959|1000|$6.2100|500|$6.5300|100|$6.8000|25|$7.0900|1|$7.6400|
TMS320F28027PTS|Texas Instruments|2|1000|$4.3100|500|$4.5400|100|$4.7200|25|$4.9200|1|$5.3000|
LM2575-5.0WU|Microchip Technology Inc|1900|1000|$1.2200|500|$1.2900|100|$1.3400|25|$1.4000|1|$1.5000|
STF202-22T1G|ON Semiconductor|5397|1000|$0.3500|500|$0.3700|100|$0.3900|25|$0.4000|1|$0.4300|
FDS6630A|Fairchild Semiconductor Corporation|172432|1000|$0.3400|500|$0.3600|100|$0.3700|25|$0.3900|1|$0.4200|
TLV2461CDBVT|Texas Instruments|2220|1000|$0.9600|500|$1.0100|100|$1.0500|25|$1.0900|1|$1.1800|
DG445DY||0|1000|$0.9000|500|$0.9400|100|$0.9800|25|$1.0300|1|$1.1000|
DG445DYZ||0|1000|$0.9000|500|$0.9400|100|$0.9800|25|$1.0300|1|$1.1000|
DG445DY-T||0|1000|$1.5400|500|$1.6300|100|$1.6900|25|$1.7700|1|$1.9000|
DG445DYZ-T||0|1000|$2.2100|500|$2.3200|100|$2.4200|25|$2.5200|1|$2.7200|
DS1023S-100|Maxim Integrated Products|6225|1000|$12.4600|500|$13.1100|100|$13.6500|25|$14.2400|1|$15.3300|
TDA18250HN/C1518|NXP Semiconductors|4000|1000|$1.1200|500|$1.1800|100|$1.2300|25|$1.2800|1|$1.3800|
LM4040CIM3-2.0/NOPB|Texas Instruments|120000|1000|$0.3700|500|$0.3900|100|$0.4000|25|$0.4200|1|$0.4500|
LM4040CIM3-2.0/NOPB|National Semiconductor Corporation|34698|1000|$0.3700|500|$0.3900|100|$0.4000|25|$0.4200|1|$0.4500|
LM4040CIM3-4.1/NOPB|National Semiconductor Corporation|328|1000|$0.3700|500|$0.3900|100|$0.4000|25|$0.4200|1|$0.4500|
BAS16-02VE6327|Infineon Technologies AG|51000|1|$0.0200|25|$0.0200|100|$0.0200|500|$0.0200|1000|$0.0200|
MPC8360VVAJDGA|Freescale Semiconductor|55|1000|$81.7100|500|$86.0100|100|$89.5400|25|$93.3800|1|$100.5600|
MPC852TVR50A|NXP Semiconductors|300|1000|$16.6600|500|$17.5400|100|$18.2600|25|$19.0400|1|$20.5100|
MPC852TVR50A|Freescale Semiconductor|454|1000|$16.6600|500|$17.5400|100|$18.2600|25|$19.0400|1|$20.5100|
TL1451ACPWR/1A|Texas Instruments|8000|1000|$0.8100|500|$0.8500|100|$0.8900|25|$0.9200|1|$1.0000|
TL1451ACPWR/1|Texas Instruments|421|1000|$0.7100|500|$0.7400|100|$0.7700|25|$0.8100|1|$0.8700|
TL16C451FNR|Texas Instruments|19250|1000|$5.0200|500|$5.2800|100|$5.5000|25|$5.7300|1|$6.1700|
MAX1935ETA-T|Maxim Integrated Products|344350|1000|$1.4300|500|$1.5000|100|$1.5600|25|$1.6300|1|$1.7600|
MMA8452QR1|NXP Semiconductors|130|1000|$1.0200|500|$1.0700|100|$1.1100|25|$1.1600|1|$1.2500|
MMA8452QR1|Freescale Semiconductor|66759|1000|$1.0200|500|$1.0700|100|$1.1100|25|$1.1600|1|$1.2500|
MMA8453QT|Freescale Semiconductor|467|1000|$1.0200|500|$1.0700|100|$1.1100|25|$1.1600|1|$1.2500|
MMPF0100F2AEP|Freescale Semiconductor|1300|1000|$3.7500|500|$3.9500|100|$4.1100|25|$4.2900|1|$4.6200|
MMPF0100NPAZES|Freescale Semiconductor|6450|1000|$4.2900|500|$4.5200|100|$4.7100|25|$4.9100|1|$5.2900|
MMPF0100NPAZESR2|Freescale Semiconductor|11110|1000|$4.2900|500|$4.5200|100|$4.7100|25|$4.9100|1|$5.2900|
MMZ25332BT1|Freescale Semiconductor|25|1000|$4.5000|500|$4.7400|100|$4.9300|25|$5.1400|1|$5.5400|
MPC8241TVR200D|Freescale Semiconductor|100|1000|$37.9900|500|$39.9900|100|$41.6300|25|$43.4100|1|$46.7500|
MPC8245TVV333D|NXP Semiconductors|12|1000|$102.8700|500|$108.2800|100|$112.7300|25|$117.5600|1|$126.6100|
MPC8245TVV333D|Freescale Semiconductor|2|1000|$102.8700|500|$108.2800|100|$112.7300|25|$117.5600|1|$126.6100|
LPC4357FET256551|NXP Semiconductors|3745|1000|$11.1200|500|$11.7000|100|$12.1800|25|$12.7100|1|$13.6800|
FXL4245MPX||0|1000|$0.6800|500|$0.7100|100|$0.7400|25|$0.7700|1|$0.8300|
MKL04Z8VFM4|NXP Semiconductors|490|1000|$1.7100|500|$1.8000|100|$1.8700|25|$1.9500|1|$2.1000|
MKL04Z8VFM4|Freescale Semiconductor|465|1000|$1.7100|500|$1.8000|100|$1.8700|25|$1.9500|1|$2.1000|
MPC17C724EPR2|Freescale Semiconductor|7500|1000|$0.7100|500|$0.7400|100|$0.7700|25|$0.8100|1|$0.8700|
MPC565CZP56|Freescale Semiconductor|11|1000|$91.9000|500|$96.7300|100|$100.7100|25|$105.0300|1|$113.1000|
MPC565CZP56|Motorola Mobility LLC|5516|1000|$91.9000|500|$96.7300|100|$100.7100|25|$105.0300|1|$113.1000|
MPC8241LVR166D|Freescale Semiconductor|265|1000|$25.9100|500|$27.2800|100|$28.4000|25|$29.6100|1|$31.8900|
AUIPS6021R|International Rectifier|1125|1000|$1.0600|500|$1.1200|100|$1.1600|25|$1.2100|1|$1.3000|
BB639CE7904|Infineon Technologies AG|66875|100|$0.0600|500|$0.0600|1000|$0.0600|1|$0.0700|25|$0.0700|
BB639CE7904HTSA1|Infineon Technologies AG|33548|100|$0.0600|500|$0.0600|1000|$0.0600|1|$0.0700|25|$0.0700|
MPC8245TVV300D|Freescale Semiconductor|6|1000|$97.2800|500|$102.4000|100|$106.6100|25|$111.1800|1|$119.7300|
MC68HC705C8ACFNE|Freescale Semiconductor|588|1000|$11.2400|500|$11.8300|100|$12.3100|25|$12.8400|1|$13.8300|
MC68LK332ACEH16|Freescale Semiconductor|357|1000|$31.3100|500|$32.9600|100|$34.3100|25|$35.7800|1|$38.5300|
MC908JL3ECDWE|NXP Semiconductors|261|1000|$2.9400|500|$3.1000|100|$3.2200|25|$3.3600|1|$3.6200|
MC908JL3ECDWE|Freescale Semiconductor|4296|1000|$2.9400|500|$3.1000|100|$3.2200|25|$3.3600|1|$3.6200|
MC908JL3ECDWER|Freescale Semiconductor|11800|1000|$2.9400|500|$3.1000|100|$3.2200|25|$3.3600|1|$3.6200|
MC912D60ACFUE8|Freescale Semiconductor|51|1000|$21.9300|500|$23.0800|100|$24.0300|25|$25.0600|1|$26.9900|
P2020NSN2MFC|Freescale Semiconductor|79|1000|$111.3100|500|$117.1700|100|$121.9800|25|$127.2100|1|$137.0000|
PCA9306DC125|NXP Semiconductors|20953|1000|$0.3500|500|$0.3700|100|$0.3900|25|$0.4000|1|$0.4300|
MM74HC273WMX|Fairchild Semiconductor Corporation|5191|1000|$0.4100|500|$0.4300|100|$0.4500|25|$0.4700|1|$0.5100|
MM74HC32M|Fairchild Semiconductor Corporation|25700|1000|$0.2400|500|$0.2500|100|$0.2600|25|$0.2700|1|$0.2900|
MM74HC32MTC|Fairchild Semiconductor Corporation|54817|1000|$0.1900|500|$0.2000|100|$0.2100|25|$0.2200|1|$0.2400|
MM74HC32MTCX|Fairchild Semiconductor Corporation|462411|1000|$0.1500|100|$0.1600|500|$0.1600|25|$0.1700|1|$0.1800|
MM74HC32MX|Fairchild Semiconductor Corporation|47698|1000|$0.2700|500|$0.2800|100|$0.2900|25|$0.3000|1|$0.3300|
MM74HC373MTCX|Fairchild Semiconductor Corporation|52444|1000|$0.3500|500|$0.3700|100|$0.3900|25|$0.4000|1|$0.4300|
MM74HC573SJX|Fairchild Semiconductor Corporation|443|1000|$0.5700|500|$0.6000|100|$0.6300|25|$0.6600|1|$0.7100|
MM74HCT245WMX|Fairchild Semiconductor Corporation|12540|1000|$0.3700|500|$0.3900|100|$0.4000|25|$0.4200|1|$0.4500|
MC68332GCEH25|Freescale Semiconductor|1318|1000|$31.3100|500|$32.9600|100|$34.3100|25|$35.7800|1|$38.5300|
MC68711E20CFNE4|Freescale Semiconductor|55|1000|$32.1900|500|$33.8900|100|$35.2800|25|$36.7900|1|$39.6200|
MC68EN360AI25L|Freescale Semiconductor|61428|1000|$92.3700|500|$97.2300|100|$101.2300|25|$105.5600|1|$113.6800|
P2020NXN2KFC|Freescale Semiconductor|59|1000|$111.3100|500|$117.1700|100|$121.9800|25|$127.2100|1|$137.0000|
TLV1117CKVURG3|Texas Instruments|14647|1000|$0.2400|500|$0.2500|100|$0.2600|25|$0.2700|1|$0.2900|
TLV1117IDRJR|Texas Instruments|204260|1000|$0.2800|500|$0.2900|100|$0.3100|25|$0.3200|1|$0.3400|
TLV2252IDR|Texas Instruments|1503|1000|$0.9600|500|$1.0100|100|$1.0500|25|$1.0900|1|$1.1800|
MAX3205EATE|Maxim Integrated Products|4677|1000|$1.2400|500|$1.3000|100|$1.3500|25|$1.4100|1|$1.5200|
MKL02Z16VFG4|Freescale Semiconductor|11685|1000|$1.2400|500|$1.3000|100|$1.3500|25|$1.4100|1|$1.5200|
MKL02Z16VFM4|Freescale Semiconductor|103|1000|$1.3200|500|$1.3900|100|$1.4500|25|$1.5100|1|$1.6300|
MKL05Z32VLF4|Freescale Semiconductor|91|1000|$2.1900|500|$2.3100|100|$2.4000|25|$2.5000|1|$2.7000|
SE97BTP547|NXP Semiconductors|34735|1000|$0.3400|500|$0.3600|100|$0.3700|25|$0.3900|1|$0.4200|
74ALVT16373DGG118|NXP Semiconductors|5203|1000|$0.8800|500|$0.9300|100|$0.9700|25|$1.0100|1|$1.0900|
74LVCH16245ADL118|NXP Semiconductors|18038|1000|$0.4400|500|$0.4600|100|$0.4800|25|$0.5000|1|$0.5400|
SPC5602BK0VLH4R|Freescale Semiconductor|3000|1000|$8.0400|500|$8.4700|100|$8.8200|25|$9.1900|1|$9.9000|
SPC5604PEF1VLL6|Freescale Semiconductor|890|1000|$10.5700|500|$11.1300|100|$11.5900|25|$12.0800|1|$13.0100|
MPC860TZQ66D4|NXP Semiconductors|34|1000|$83.7100|500|$88.1100|100|$91.7300|25|$95.6600|1|$103.0200|
MC34071ADG|ON Semiconductor|12165|1000|$0.5600|500|$0.5900|100|$0.6100|25|$0.6400|1|$0.6900|
MC34071D|ON Semiconductor|3572|1000|$0.2100|500|$0.2200|100|$0.2300|25|$0.2400|1|$0.2500|
MC34071AD|ON Semiconductor|1470|1000|$0.2400|500|$0.2500|100|$0.2600|25|$0.2700|1|$0.2900|
MC34071DR2G|ON Semiconductor|12834|1000|$0.4300|500|$0.4500|100|$0.4700|25|$0.4900|1|$0.5300|
MC34071AP|ON Semiconductor|1870|1000|$0.2100|500|$0.2200|100|$0.2300|25|$0.2400|1|$0.2500|
MC34071ADR2G|ON Semiconductor|16039|1000|$0.4100|500|$0.4300|100|$0.4500|25|$0.4700|1|$0.5100|
MC34071DR2|ON Semiconductor|22500|1000|$0.2200|500|$0.2300|100|$0.2400|25|$0.2500|1|$0.2700|
MC34071ADR2|ON Semiconductor|1820|1000|$0.2200|500|$0.2300|100|$0.2400|25|$0.2500|1|$0.2700|
MC34071DG|ON Semiconductor|4729|1000|$0.5600|500|$0.5900|100|$0.6100|25|$0.6400|1|$0.6900|
TL34071AD|Texas Instruments|555|1000|$0.5900|500|$0.6200|100|$0.6500|25|$0.6700|1|$0.7200|
TL34071CD|Texas Instruments|1979|1000|$0.5400|500|$0.5700|100|$0.6000|25|$0.6200|1|$0.6700|
FOD4118S|Fairchild Semiconductor Corporation|975|1000|$2.2900|500|$2.4200|100|$2.5100|25|$2.6200|1|$2.8200|
FOD4118SD|Fairchild Semiconductor Corporation|3275|1000|$2.2900|500|$2.4200|100|$2.5100|25|$2.6200|1|$2.8200|
FOD817A300|Fairchild Semiconductor Corporation|863|1000|$0.1600|500|$0.1700|100|$0.1800|25|$0.1900|1|$0.2000|
FOD817A300W|Fairchild Semiconductor Corporation|10036|1000|$0.1600|500|$0.1700|100|$0.1800|25|$0.1900|1|$0.2000|
FOD817ASD|Fairchild Semiconductor Corporation|113450|1000|$0.1600|500|$0.1700|100|$0.1800|25|$0.1900|1|$0.2000|
FOD817ASD_F117|Fairchild Semiconductor Corporation|12000|1000|$0.1600|500|$0.1700|100|$0.1800|25|$0.1900|1|$0.2000|
FOD817B300W|Fairchild Semiconductor Corporation|105794|1000|$0.1600|500|$0.1700|100|$0.1800|25|$0.1900|1|$0.2000|
NCP133AMX120TCG|ON Semiconductor|6000|1000|$0.2200|500|$0.2300|100|$0.2400|25|$0.2500|1|$0.2700|
TDA8007BHL/C3118|NXP Semiconductors|21262|1000|$3.1800|500|$3.3400|100|$3.4800|25|$3.6300|1|$3.9100|
S912XDT256F1MAA|Freescale Semiconductor|17|1000|$16.3400|500|$17.2000|100|$17.9100|25|$18.6700|1|$20.1100|
BT169G126|NXP Semiconductors|286650|100|$0.0600|500|$0.0600|1000|$0.0600|1|$0.0700|25|$0.0700|
MURF860G|ON Semiconductor|169825|1000|$0.9300|500|$0.9800|100|$1.0200|25|$1.0600|1|$1.1400|
MURH840CTG|ON Semiconductor|9100|1000|$0.9900|500|$1.0400|100|$1.0800|25|$1.1300|1|$1.2100|
PCA9509PGM125|NXP Semiconductors|6648|1000|$0.3500|500|$0.3700|100|$0.3900|25|$0.4000|1|$0.4300|
NCP511SN33T1G|ON Semiconductor|544208|1000|$0.2200|500|$0.2300|100|$0.2400|25|$0.2500|1|$0.2700|
IJW120R070T1FKSA1|Infineon Technologies AG|1239|1000|$32.3400|500|$34.0400|100|$35.4400|25|$36.9600|1|$39.8000|
MAX8869EUE33-T|Maxim Integrated Products|2370|1000|$2.8800|500|$3.0300|100|$3.1600|25|$3.2900|1|$3.5500|
TMP431ADGKR|Texas Instruments|5736|1000|$0.5900|500|$0.6200|100|$0.6500|25|$0.6700|1|$0.7200|
TMP431ADGKT|Texas Instruments|13169|1000|$0.6800|500|$0.7100|100|$0.7400|25|$0.7700|1|$0.8300|
MC13892CJVK|Freescale Semiconductor|6244|1000|$4.6800|500|$4.9200|100|$5.1300|25|$5.3500|1|$5.7600|
MC33730EKR2|Freescale Semiconductor|395|1000|$4.4000|500|$4.6300|100|$4.8200|25|$5.0300|1|$5.4100|
MC33880PEG|Freescale Semiconductor|858|1000|$3.0600|500|$3.2200|100|$3.3500|25|$3.5000|1|$3.7700|
MC33910G5AC|Freescale Semiconductor|220|1000|$1.7400|500|$1.8300|100|$1.9000|25|$1.9800|1|$2.1400|
NTS0102GT115|NXP Semiconductors|31166|1000|$0.1800|100|$0.1900|500|$0.1900|25|$0.2000|1|$0.2200|
MMBFJ175LT1G|ON Semiconductor|117336|1000|$0.1300|500|$0.1400|25|$0.1500|100|$0.1500|1|$0.1600|
MMBFJ175|Fairchild Semiconductor Corporation|1107|1000|$0.1800|100|$0.1900|500|$0.1900|25|$0.2000|1|$0.2200|
SMMBFJ177LT1|ON Semiconductor|276000|1000|$0.1000|100|$0.1100|500|$0.1100|25|$0.1200|1|$0.1300|
MMBFJ177LT1G|ON Semiconductor|396000|1000|$0.1300|500|$0.1400|25|$0.1500|100|$0.1500|1|$0.1600|
MMBFJ177|Fairchild Semiconductor Corporation|115000|1000|$0.1500|100|$0.1600|500|$0.1600|25|$0.1700|1|$0.1800|
MMBT3906SL|Fairchild Semiconductor Corporation|158700|1000|$0.0400|1|$0.0500|25|$0.0500|100|$0.0500|500|$0.0500|
MC100LVEP11DTR2G|ON Semiconductor|2464|1000|$4.0900|500|$4.3000|100|$4.4800|25|$4.6700|1|$5.0300|
MWCT1101CLH|Freescale Semiconductor|10236|1000|$4.6600|500|$4.9100|100|$5.1100|25|$5.3300|1|$5.7400|
NTB0101GM115|NXP Semiconductors|300|1000|$0.1600|500|$0.1700|100|$0.1800|25|$0.1900|1|$0.2000|
TPS63060DSCT|Texas Instruments|47|1000|$1.3500|500|$1.4200|100|$1.4800|25|$1.5500|1|$1.6700|
MPC8270CZQMIBA|Freescale Semiconductor|19|1000|$71.5400|500|$75.3100|100|$78.4100|25|$81.7700|1|$88.0500|
MPC8270ZUUPEA|Freescale Semiconductor|31|1000|$120.2200|500|$126.5500|100|$131.7500|25|$137.4000|1|$147.9600|
MPC8280VVUPEA|Freescale Semiconductor|681|1000|$219.6000|500|$231.1600|100|$240.6600|25|$250.9800|1|$270.2800|
MPC8309VMADDCA|NXP Semiconductors|231|1000|$14.3500|500|$15.1100|100|$15.7300|25|$16.4000|1|$17.6700|
MPC8347CVVAJFB|Freescale Semiconductor|522|1000|$98.1800|500|$103.3400|100|$107.5900|25|$112.2000|1|$120.8300|
NCP302LSN40T1G|ON Semiconductor|2327|1000|$0.1900|500|$0.2000|100|$0.2100|25|$0.2200|1|$0.2400|
NCP303LSN16T1G|ON Semiconductor|220836|1000|$0.1900|500|$0.2000|100|$0.2100|25|$0.2200|1|$0.2400|
NCP3170BDR2G|ON Semiconductor|26812|1000|$0.6200|500|$0.6500|100|$0.6800|25|$0.7100|1|$0.7600|
OPA336N/3K|Texas Instruments|37014|1000|$1.2400|500|$1.3000|100|$1.3500|25|$1.4100|1|$1.5200|
SN74AUP2G08DCUR|Texas Instruments|737|1000|$0.1900|500|$0.2000|100|$0.2100|25|$0.2200|1|$0.2400|
MAX4081FASA-T|Maxim Integrated Products|5000|1000|$1.8400|500|$1.9400|100|$2.0200|25|$2.1000|1|$2.2600|
LMV931MG/NOPB|Texas Instruments|233|1000|$0.5900|500|$0.6200|100|$0.6500|25|$0.6700|1|$0.7200|
LMV931MG/NOPB|National Semiconductor Corporation|35000|1000|$0.5900|500|$0.6200|100|$0.6500|25|$0.6700|1|$0.7200|
MKW40Z160VHT4|Freescale Semiconductor|320|1000|$3.2900|500|$3.4700|100|$3.6100|25|$3.7700|1|$4.0500|
MMPF0100F6ANES|Freescale Semiconductor|18|1000|$4.1000|500|$4.3200|100|$4.5000|25|$4.6900|1|$5.0500|
MMPF0100F9AZES557|Freescale Semiconductor|440|1000|$4.2900|500|$4.5200|100|$4.7100|25|$4.9100|1|$5.2900|
1N5817|ON Semiconductor|500|500|$0.0900|1000|$0.0900|25|$0.1000|100|$0.1000|1|$0.1100|
1N5817RLG|ON Semiconductor|237207|1000|$0.1000|100|$0.1100|500|$0.1100|25|$0.1200|1|$0.1300|
1N5817G|ON Semiconductor|51306|1000|$0.1000|100|$0.1100|500|$0.1100|25|$0.1200|1|$0.1300|
NRVB1N5817RLG|ON Semiconductor|20000|500|$0.0900|1000|$0.0900|25|$0.1000|100|$0.1000|1|$0.1100|
MPC8347VVALFB|Freescale Semiconductor|31|1000|$96.9900|500|$102.0900|100|$106.2900|25|$110.8400|1|$119.3700|
MPC8377VRALGA|Freescale Semiconductor|1161|1000|$57.5300|500|$60.5600|100|$63.0500|25|$65.7500|1|$70.8100|
MPC852TVR66A|NXP Semiconductors|300|1000|$18.8500|500|$19.8500|100|$20.6600|25|$21.5500|1|$23.2000|
MPC852TVR66A|Freescale Semiconductor|2385|1000|$18.8500|500|$19.8500|100|$20.6600|25|$21.5500|1|$23.2000|
SN74AVC2T244EVM|Texas Instruments|1|1000|$21.5700|500|$22.7100|100|$23.6400|25|$24.6600|1|$26.5500|
SN74AVC32T245ZRLR|Texas Instruments|4700|1000|$2.3400|500|$2.4600|100|$2.5600|25|$2.6700|1|$2.8800|
TPS6735ID|Texas Instruments|3016|1000|$2.4000|500|$2.5200|100|$2.6300|25|$2.7400|1|$2.9500|
TPS6735IDR|Texas Instruments|7500|1000|$2.0000|500|$2.1100|100|$2.1900|25|$2.2900|1|$2.4600|
TPS6735IDG4|Texas Instruments|325|1000|$2.4000|500|$2.5200|100|$2.6300|25|$2.7400|1|$2.9500|
ATMEGA328P-PU|Atmel Corporation|23156|1000|$2.2700|500|$2.3800|100|$2.4800|25|$2.5900|1|$2.7900|
AT25256B-SSHL-B|Atmel Corporation|40|1000|$1.6900|500|$1.7800|100|$1.8500|25|$1.9300|1|$2.0800|
TLV70022DDCR|Texas Instruments|1642|1000|$0.1600|500|$0.1700|100|$0.1800|25|$0.1900|1|$0.2000|
TLV70028DSET|Texas Instruments|35650|1000|$0.1900|500|$0.2000|100|$0.2100|25|$0.2200|1|$0.2400|
TXS0101YZPR|Texas Instruments|29821|1000|$0.2800|500|$0.2900|100|$0.3100|25|$0.3200|1|$0.3400|
MAX907ESA-T|Maxim Integrated Products|27500|1000|$3.3200|500|$3.5000|100|$3.6400|25|$3.8000|1|$4.0900|
SN74LVC32373AZKER|Texas Instruments|6730|1000|$2.5200|500|$2.6500|100|$2.7600|25|$2.8700|1|$3.1000|
SN74LVC374ADWR|Texas Instruments|241204|1000|$0.2700|500|$0.2800|100|$0.2900|25|$0.3000|1|$0.3300|
SN74LVC3G04DCTR|Texas Instruments|3000|1000|$0.2800|500|$0.2900|100|$0.3100|25|$0.3200|1|$0.3400|
SN74LVC3G14YZPR|Texas Instruments|1132240|1000|$0.2700|500|$0.2800|100|$0.2900|25|$0.3000|1|$0.3300|
NCV431BVDMR2G|ON Semiconductor|3600|1000|$0.4100|500|$0.4300|100|$0.4500|25|$0.4700|1|$0.5100|
AFT26HW050SR3|Freescale Semiconductor|4794|1000|$70.5200|500|$74.2300|100|$77.2800|25|$80.5900|1|$86.7900|
BGA2870115|NXP Semiconductors|200|1000|$0.1300|500|$0.1400|25|$0.1500|100|$0.1500|1|$0.1600|
DS21348GB|Maxim Integrated Products|187|1000|$16.1600|500|$17.0100|100|$17.7100|25|$18.4700|1|$19.8900|
DS21348GN|Maxim Integrated Products|2905|1000|$23.8800|500|$25.1400|100|$26.1700|25|$27.2900|1|$29.3900|
LM431SCCMLX|Fairchild Semiconductor Corporation|63|1000|$0.2200|500|$0.2300|100|$0.2400|25|$0.2500|1|$0.2700|
UC3843AD8TR|Texas Instruments|1990|1000|$0.5300|500|$0.5600|100|$0.5800|25|$0.6100|1|$0.6500|
MAX6339KUT-T|Maxim Integrated Products|7500|1000|$2.5300|500|$2.6600|100|$2.7700|25|$2.8900|1|$3.1100|
ADS4145IRGZT|Texas Instruments|150|1000|$35.3700|500|$37.2300|100|$38.7600|25|$40.4200|1|$43.5300|
ATSAM3A8CA-CU|Atmel Corporation|18|1000|$9.4900|500|$9.9900|100|$10.4000|25|$10.8400|1|$11.6700|
ATSAM4E16EA-CU|Atmel Corporation|7494|1000|$10.1800|500|$10.7100|100|$11.1500|25|$11.6300|1|$12.5300|
